MAL_ID,Name,Score,Genres,English name,Japanese name,Type,Episodes,Aired,Premiered,Producers,Licensors,Studios,Source,Duration,Rating,Ranked,Popularity,Members,Favorites,Watching,Completed,On-Hold,Dropped,Plan to Watch,Score-10,Score-9,Score-8,Score-7,Score-6,Score-5,Score-4,Score-3,Score-2,Score-1
41750,Koukaku Kidoutai: SAC_2045 2nd Season,Unknown,"Action, Mecha, Military, Police, Sci-Fi, Seinen",Unknown,¾ÓÈ¾¨È¾©ÙŒÜ¥__ SAC_2045 2nd‹âá‹Ä_‹â¼‹Ä_,ONA,12,Unknown,Unknown,Unknown,Unknown,Unknown,Manga,Unknown,R - 17+ (violence & profanity),0,0,1,4,0,0,0,0,1,Unknown,Unknown,Unknown,Unknown,Unknown,Unknown,Unknown,Unknown,Unknown,Unknown
48427,"The Sun, Moon and Stars",Unknown,Music,Unknown,Unknown,Music,1,18-Jan-21,Unknown,Unknown,Unknown,Unknown,Other,3 min.,Unknown,0,0,1,0,0,0,0,0,1,Unknown,Unknown,Unknown,Unknown,Unknown,Unknown,Unknown,Unknown,Unknown,Unknown
5114,Fullmetal Alchemist: Brotherhood,9.19,"Action, Military, Adventure, Comedy, Drama, Magic, Fantasy, Shounen",Fullmetal Alchemist:Brotherhood,Ü_‹¨ÎÂàÔÁÒŒüÇ FULLMETAL ALCHEMIST,TV,64,"Apr 5, 2009 to Jul 4, 2010",Spring 2009,"Aniplex, Square Enix, Mainichi Broadcasting System, Studio Moriken","Funimation, Aniplex of America",Bones,Manga,24 min. per ep.,R - 17+ (violence & profanity),1,3,2248456,183914,171871,1644938,75728,32456,323463,714811,401507,199160,70045,20210,9308,3222,1536,2162,16806
40028,Shingeki no Kyojin: The Final Season,9.17,"Action, Military, Mystery, Super Power, Drama, Fantasy, Shounen",Attack on Titan Final Season,Û_¾ÕÄ‹¨Œá¬Š¼¼ The Final Season,TV,16,"Dec 7, 2020 to ?",Winter 2021,"Production I.G, Dentsu, Mainichi Broadcasting System, Pony Canyon, Kodansha, Techno Sound, Pony Canyon Enterprise",Funimation,MAPPA,Manga,23 min. per ep.,R - 17+ (violence & profanity),2,119,733260,44862,566239,553,6658,2090,157720,173154,63756,26016,8793,2674,1336,588,382,514,11061
9253,Steins;Gate,9.11,"Thriller, Sci-Fi",Steins;Gate,STEINS;GATE,TV,24,"Apr 6, 2011 to Sep 14, 2011",Spring 2011,"Frontier Works, Media Factory, Movic, AT-X, Kadokawa Pictures Japan, Nitroplus",Funimation,White Fox,Visual novel,24 min. per ep.,PG-13 - Teens 13 or older,3,9,1771162,148452,114349,1134756,60926,35600,425531,468504,275960,140914,57740,21375,11126,5061,2292,1678,5255
38524,Shingeki no Kyojin Season 3 Part 2,9.1,"Action, Drama, Fantasy, Military, Mystery, Shounen, Super Power",Attack on Titan Season 3 Part 2,Û_¾ÕÄ‹¨Œá¬Š¼¼ Season3 Part.2,TV,10,"Apr 29, 2019 to Jul 1, 2019",Spring 2019,"Production I.G, Dentsu, Mainichi Broadcasting System, Pony Canyon, Kodansha, Techno Sound, Pony Canyon Enterprise",Funimation,Wit Studio,Manga,23 min. per ep.,R - 17+ (violence & profanity),4,63,1073626,40985,54607,906824,5533,3099,103563,327290,239451,110481,33662,8365,2974,1108,550,385,4169
28977,Gintamaå¡,9.1,"Action, Comedy, Historical, Parody, Samurai, Sci-Fi, Shounen",Gintama Season 4,_Û_âå¡,TV,51,"Apr 8, 2015 to Mar 30, 2016",Spring 2015,"TV Tokyo, Aniplex, Dentsu","Funimation, Crunchyroll",Bandai Namco Pictures,Manga,24 min. per ep.,PG-13 - Teens 13 or older,5,329,404121,11868,48011,167130,16612,11472,160896,78918,37902,21360,10215,3898,2311,952,648,1100,4508
11061,Hunter x Hunter (2011),9.1,"Action, Adventure, Fantasy, Shounen, Super Power",Hunter x Hunter,HUNTERÌÑHUNTER•_ö‹Ä‹Ä_‹âÀ‹Ä_ÌÑ‹Ä‹Ä_‹âÀ‹Ä_•_ä,TV,148,"Oct 2, 2011 to Sep 24, 2014",Fall 2011,"VAP, Nippon Television Network, Shueisha",VIZ Media,Madhouse,Manga,23 min. per ep.,PG-13 - Teens 13 or older,6,12,1673924,147274,227277,1094486,79587,31652,240922,454000,304741,167331,65085,18241,7789,2780,1243,1054,4602
820,Ginga Eiyuu Densetsu,9.07,"Military, Sci-Fi, Space, Drama",Legend of the Galactic Heroes,_Û¾__Ü±İãŠ_»Â,OVA,110,"Jan 8, 1988 to Mar 17, 1997",Unknown,"Kitty Films, K-Factory",Sentai Filmworks,"Artland, Magic Bus",Novel,26 min. per ep.,R - 17+ (violence & profanity),7,633,230168,13834,25968,52583,14911,5950,130756,30432,11497,7096,3577,1570,965,480,264,509,2265
9969,Gintama',9.08,"Action, Sci-Fi, Comedy, Historical, Parody, Samurai, Shounen",Gintama Season 2,_Û_â',TV,51,"Apr 4, 2011 to Mar 26, 2012",Spring 2011,"TV Tokyo, Aniplex, Dentsu, Trinity Sound, Miracle Robo, Studio Jack, Shueisha",Unknown,Sunrise,Manga,24 min. per ep.,PG-13 - Teens 13 or older,7,362,365579,6567,26492,190008,10615,7084,131380,74992,44740,24294,9584,3222,1655,694,338,437,2910
15417,Gintama': Enchousen,9.04,"Action, Comedy, Historical, Parody, Samurai, Sci-Fi, Shounen",Gintama:Enchousen,_Û_â' ŒÈ¦¥á¾ö_,TV,13,"Oct 4, 2012 to Mar 28, 2013",Fall 2012,"TV Tokyo, Aniplex, Dentsu, Shueisha, Miracle Bus",Unknown,Sunrise,Manga,24 min. per ep.,PG-13 - Teens 13 or older,9,660,222819,2586,7800,143353,2753,2012,66901,51383,32100,17753,6900,1968,867,303,184,145,2059
35180,3-gatsu no Lion 2nd Season,9,"Drama, Game, Seinen, Slice of Life",March Comes In Like A Lion 2nd Season,3¾Ïö‹¨‹Ä©‹â_‹â»‹Ä_ ÂÂ2‹âá‹Ä»‹Ä_‹â¼,TV,22,"Oct 14, 2017 to Mar 31, 2018",Fall 2017,"Aniplex, Dentsu, NHK, Hakusensha, Asmik Ace, Toy's Factory",Aniplex of America,Shaft,Manga,25 min. per ep.,PG-13 - Teens 13 or older,10,545,266243,11133,20273,148885,7103,3166,86816,52442,42572,23376,8143,2371,934,326,165,90,799
28851,Koe no Katachi,9,"Drama, School, Shounen",A Silent Voice,_‹¨Œ_¢,Movie,1,17-Sep-16,Unknown,"Shochiku, Pony Canyon, Kodansha, ABC Animation, Quaras","Eleven Arts, NYAV Post",Kyoto Animation,Manga,2 hr. 10 min.,PG-13 - Teens 13 or older,11,28,1387607,62452,30379,1151644,4306,1949,199329,393684,295492,156604,61581,19228,7135,3108,1242,698,2071
34096,Gintama.,8.99,"Action, Comedy, Historical, Parody, Samurai, Sci-Fi, Shounen",Gintama Season 5,_Û_â‹Ûâ,TV,12,"Jan 9, 2017 to Mar 27, 2017",Winter 2017,"TV Tokyo, Aniplex, Dentsu, Shueisha",Unknown,Bandai Namco Pictures,Manga,24 min. per ep.,PG-13 - Teens 13 or older,12,730,201735,2397,11770,115105,3388,2273,69199,40873,26546,15035,5856,1926,827,338,172,126,1628
4181,Clannad: After Story,8.96,"Slice of Life, Comedy, Supernatural, Drama, Romance",Clannad ~After Story~,CLANNAD‹ÛÏAFTER STORY‹ÛÏ ‹âø‹Ä©‹Ä_‹Ää ‹â¢‹Ä¥‹âÀ‹Ä_‹â_‹Äö‹Ä_‹Ä»‹Ä_,TV,24,"Oct 3, 2008 to Mar 27, 2009",Fall 2008,"Pony Canyon, TBS, Rakuonsha, Animation Do",Sentai Filmworks,Kyoto Animation,Visual novel,24 min. per ep.,PG-13 - Teens 13 or older,13,84,915885,62162,29361,641323,16504,13224,215473,245597,131311,79823,37908,15633,7532,3921,1769,1318,2573
918,Gintama,8.96,"Action, Comedy, Historical, Parody, Samurai, Sci-Fi, Shounen",Gintama,_Û_â,TV,201,"Apr 4, 2006 to Mar 25, 2010",Spring 2006,"TV Tokyo, Aniplex, Dentsu, Trinity Sound, Audio Highs, Miracle Robo, Shueisha","Sentai Filmworks, Crunchyroll",Sunrise,Manga,24 min. per ep.,PG-13 - Teens 13 or older,15,114,754607,48247,149543,230260,87145,39531,248128,108448,74869,52666,27675,11208,6423,2934,1299,850,2743
15335,Gintama Movie 2: Kanketsu-hen - Yorozuya yo Eien Nare,8.96,"Action, Sci-Fi, Comedy, Historical, Parody, Samurai, Shounen",Unknown,Œ_àŒÊ«äö _Û_â Œ¨Îµøà ŠüàŠ¼ÜŒ±Ü‹âö¾¡üÊ‹»‹âÎ,Movie,1,6-Jul-13,Unknown,"TV Tokyo, Aniplex, Dentsu, Bandai, Warner Bros. Japan, Shueisha",Unknown,Sunrise,Manga,1 hr. 50 min.,PG-13 - Teens 13 or older,15,873,171119,2184,3687,122632,1246,1198,42356,42134,27223,16674,6589,2018,807,340,184,109,1595
32281,Kimi no Na wa.,8.96,"Romance, Supernatural, School, Drama",Your Name.,Œİ‹¨Œ‹ø‹Ûâ,Movie,1,26-Aug-16,Unknown,"Toho, Sound Team Don Juan, Amuse, JR East Marketing & Communications, Kadokawa, voque ting","Funimation, NYAV Post",CoMix Wave Films,Original,1 hr. 46 min.,PG-13 - Teens 13 or older,16,11,1726660,71054,40773,1462143,4746,2463,216535,516874,333022,200239,86314,29641,12257,5199,2131,1116,3966
35247,Owarimonogatari 2nd Season,8.93,"Mystery, Comedy, Supernatural, Vampire",Owarimonogatari Second Season,µâä©»_,TV,7,"Aug 12, 2017 to Aug 13, 2017",Summer 2017,"Aniplex, Kodansha",Aniplex of America,Shaft,Light novel,22 min. per ep.,R - 17+ (violence & profanity),17,521,270878,6113,11467,159101,3700,1697,94913,47996,41520,24216,8808,2687,912,358,149,107,1122
2904,Code Geass: Hangyaku no Lelouch R2,8.91,"Action, Military, Sci-Fi, Super Power, Drama, Mecha",Code Geass:Lelouch of the Rebellion R2,‹â_‹Ä_‹Ää‹â¨‹â¢‹â_ ŒÛ ‹¨‹ÄÇ‹ÄÇ‹Ä_‹âá‹Ä´ ¦_á¬,TV,25,"Apr 6, 2008 to Sep 28, 2008",Spring 2008,"Bandai Visual, Mainichi Broadcasting System, Bandai, Bandai Namco Entertainment, Hakuhodo DY Media Partners","Funimation, Bandai Entertainment",Sunrise,Original,24 min. per ep.,R - 17+ (violence & profanity),18,36,1268320,64482,38149,1060730,17673,12463,139305,358705,247100,148191,65065,22685,9786,5306,2505,1322,2250
39486,Gintama: The Final,8.88,"Action, Sci-Fi, Comedy, Historical, Parody, Drama, Samurai, Shounen",Unknown,_Û_â THE FINAL,Movie,1,8-Jan-21,Unknown,Unknown,Unknown,Bandai Namco Pictures,Manga,1 hr. 44 min.,PG-13 - Teens 13 or older,19,2987,29811,902,1465,2640,363,127,25216,2920,301,211,78,28,22,9,9,14,288
32935,Haikyuu!!: Karasuno Koukou vs. Shiratorizawa Gakuen Koukou,8.87,"Comedy, Sports, Drama, School, Shounen",Haikyu!! 3rd Season,‹Ä‹â_‹â_‹Ä´‹Ä_!! Äà_Ç÷¾ÊÁ VS ª__´¾_¢Œ__ŒÏÕÇ÷¾ÊÁ,TV,10,"Oct 8, 2016 to Dec 10, 2016",Fall 2016,"TOHO animation, Shueisha",Sentai Filmworks,Production I.G,Manga,24 min. per ep.,PG-13 - Teens 13 or older,20,123,727240,12830,27904,619835,5355,3128,71018,155408,167036,106594,36951,8582,2809,773,287,160,1201
37491,Gintama.: Shirogane no Tamashii-hen - Kouhan-sen,8.86,"Action, Sci-Fi, Comedy, Historical, Parody, Samurai, Shounen",Gintama.:Silver Soul Arc - Second Half War,_Û_â. _Û‹Ä__âøà Œ_ÎŒ_¾ö_,TV,14,"Jul 9, 2018 to Oct 8, 2018",Summer 2018,"TV Tokyo, Aniplex, Dentsu, Shueisha",Unknown,Bandai Namco Pictures,Manga,24 min. per ep.,PG-13 - Teens 13 or older,21,1260,114591,938,6282,67276,1748,1080,38205,21024,15335,10230,3947,1229,500,210,97,59,874
37510,Mob Psycho 100 II,8.84,"Action, Slice of Life, Comedy, Supernatural",Mob Psycho 100 II,‹Ä¢‹ÄĞ‹âµ‹â_‹â_100 II,TV,13,"Jan 7, 2019 to Apr 1, 2019",Winter 2019,"Warner Bros. Japan, KlockWorx, BS Fuji, Hakuhodo DY Music & Pictures, Shogakukan",Funimation,Bones,Web manga,24 min. per ep.,PG-13 - Teens 13 or older,22,101,835688,20654,56740,623709,10988,4045,140206,147057,193609,120273,37517,8244,2374,684,255,147,998
199,Sen to Chihiro no Kamikakushi,8.83,"Adventure, Supernatural, Drama",Spirited Away,ŒÄ‹¬ŒÄŒ¡Ü‹¨´__Ê‹Ñ,Movie,1,20-Jul-01,Unknown,Toho,"Walt Disney Studios, GKIDS",Studio Ghibli,Original,2 hr. 5 min.,PG - Children,23,41,1245727,25610,14444,1124666,3124,1437,102056,324768,254426,182709,76025,22207,7695,2393,856,489,1174
31758,Kizumonogatari III: Reiketsu-hen,8.82,"Action, Mystery, Supernatural, Vampire",Unknown,Œâáä©»_‹Ûö‰É¢Œ áÁÛøà‹Ûä,Movie,1,6-Jan-17,Unknown,"Aniplex, Kodansha",Unknown,Shaft,Light novel,1 hr. 23 min.,R - 17+ (violence & profanity),23,448,312062,4898,6984,220801,2042,967,81268,55465,61981,37895,13076,3776,1342,579,272,152,616
36838,Gintama.: Shirogane no Tamashii-hen,8.81,"Action, Comedy, Historical, Parody, Samurai, Sci-Fi, Shounen",Gintama.:Silver Soul Arc,_Û_â. _Û‹Ä__âøà,TV,12,"Jan 8, 2018 to Mar 26, 2018",Winter 2018,"TV Tokyo, Aniplex, Dentsu, Shueisha",Unknown,Bandai Namco Pictures,Manga,24 min. per ep.,PG-13 - Teens 13 or older,25,1160,126835,1060,8073,75576,2100,1260,39826,23376,16948,12097,5008,1484,606,292,148,88,951
33050,Fate/stay night Movie: Heaven's Feel - III. Spring Song,8.79,"Action, Supernatural, Magic, Fantasy",Fate/stay night:Heaven's Feel - III. Spring Song,Œ_àŒÊ«äö‹ÛÎFate/stay night [Heaven's Feel] III.spring song‹Û,Movie,1,15-Aug-20,Unknown,"Aniplex, Notes, Kadokawa",Aniplex of America,ufotable,Visual novel,2 hr. 2 min.,R - 17+ (violence & profanity),26,1173,127531,2065,3663,19886,1396,250,102336,6152,4569,3117,1441,477,189,78,43,61,154
33095,Shouwa Genroku Rakugo Shinjuu: Sukeroku Futatabi-hen,8.79,"Drama, Historical, Josei",Descending Stories:Showa Genroku Rakugo Shinju,¾÷_ŒÕÎŒÉÄ_ã_»_ŒÀÄŠü_•__Œ_©ŒÉ_Œ ‹_øà•__,TV,12,"Jan 7, 2017 to Mar 25, 2017",Winter 2017,"Mainichi Broadcasting System, Kodansha, DAX Production, King Records",Unknown,Studio Deen,Manga,24 min. per ep.,PG-13 - Teens 13 or older,27,1059,140007,2623,9332,57236,4650,2887,65902,16526,15791,10683,4229,1460,643,255,97,64,504
1,Cowboy Bebop,8.78,"Action, Adventure, Comedy, Drama, Sci-Fi, Space",Cowboy Bebop,‹âÇ‹â_‹ÄÏ‹Ä_‹â_‹ÄÒ‹Ä‹ÄÄ‹ÄÑ,TV,26,"Apr 3, 1998 to Apr 24, 1999",Spring 1998,Bandai Visual,"Funimation, Bandai Entertainment",Sunrise,Original,24 min. per ep.,R - 17+ (violence & profanity),28,39,1251960,61971,105808,718161,71513,26678,329800,229170,182126,131625,62330,20688,8904,3184,1357,741,1580
17074,Monogatari Series: Second Season,8.78,"Mystery, Comedy, Supernatural, Romance, Vampire",Monogatari Series:Second Season,‹Ûöä©»_‹Ûä‹âá‹Ä»‹Ä_‹â¼ ‹âÈ‹âÇ‹Ä_‹Ää‹âá‹Ä_‹â¼‹Ä_,TV,26,"Jul 7, 2013 to Dec 29, 2013",Summer 2013,"Aniplex, Kodansha, Cyclone Graphics",Aniplex of America,Shaft,Light novel,24 min. per ep.,R - 17+ (violence & profanity),29,232,509401,19644,34059,336572,15731,5433,117606,81440,96313,63407,22459,5861,2350,1065,531,302,827
19,Monster,8.76,"Drama, Horror, Mystery, Police, Psychological, Seinen, Thriller",Monster,‹Ä¢‹Ä_‹â_‹âÀ‹Ä_,TV,74,"Apr 7, 2004 to Sep 28, 2005",Spring 2004,"VAP, Shogakukan-Shueisha Productions, Nippon Television Network",VIZ Media,Madhouse,Manga,24 min. per ep.,R+ - Mild Nudity,30,169,614100,29436,64648,214491,47488,23008,264465,77350,60652,43459,22045,8861,4381,2086,882,593,1177
24701,Mushishi Zoku Shou 2nd Season,8.76,"Adventure, Fantasy, Historical, Mystery, Seinen, Slice of Life, Supernatural",Unknown,Ù_ŒüÇ ¦_ÇÊ,TV,10,"Oct 19, 2014 to Dec 21, 2014",Fall 2014,"Aniplex, Kodansha, Delfi Sound",Aniplex of America,Artland,Manga,23 min. per ep.,PG-13 - Teens 13 or older,31,746,198954,1223,10672,100107,5087,2398,80690,24200,26098,19133,7251,1933,678,207,93,58,458
263,Hajime no Ippo,8.75,"Comedy, Sports, Drama, Shounen",Fighting Spirit,‹ø‹÷‹â‹¨ŠüÛ¾_© THE FIGHTING!,TV,75,"Oct 4, 2000 to Mar 27, 2002",Fall 2000,VAP,"Discotek Media, Geneon Entertainment USA",Madhouse,Manga,23 min. per ep.,PG-13 - Teens 13 or older,32,345,383603,15543,30922,221671,19458,9660,101892,55801,62613,47851,19316,4981,1823,544,218,147,651
40591,Kaguya-sama wa Kokurasetai?: Tensai-tachi no Renai Zunousen,8.74,"Comedy, Psychological, Romance, School, Seinen",Kaguya-sama:Love is War Season 2,‹Ü‹‹âã¾¤÷‹øŒÔ_‹âä‹İ‹Ù‹ã•_Ù•__Œ_©¾ä‹Ù‹Á‹¨¾Ü¾ãİÊ_ã_¾ö_•__,TV,12,"Apr 11, 2020 to Jun 27, 2020",Spring 2020,"Aniplex, Mainichi Broadcasting System, Shueisha, JR East Marketing & Communications",Aniplex of America,A-1 Pictures,Manga,24 min. per ep.,PG-13 - Teens 13 or older,33,151,654744,14682,74635,443172,9524,4344,123069,94309,146624,104642,32880,7382,2320,719,253,166,574
34599,Made in Abyss,8.74,"Sci-Fi, Adventure, Mystery, Drama, Fantasy",Made in Abyss,‹ÄÁ‹â_‹Ää‹â_‹Ä_‹â¢‹ÄÒ‹â_,TV,13,"Jul 7, 2017 to Sep 29, 2017",Summer 2017,"Media Factory, AT-X, Takeshobo, Sony Music Communications, Kadokawa Media House, Cygames, Kanetsu Investment, Global Solutions",Sentai Filmworks,Kinema Citrus,Web manga,25 min. per ep.,R - 17+ (violence & profanity),34,95,862410,30354,54029,550412,20178,12020,225771,132454,163992,108330,40328,11886,4754,1991,874,446,898
36862,Made in Abyss Movie 3: Fukaki Tamashii no Reimei,8.74,"Sci-Fi, Adventure, Mystery, Drama, Fantasy",Unknown,Œ_àŒÊ«äö‹ÄÁ‹â_‹Ää‹â_‹Ä_‹â¢‹ÄÒ‹â_ ¾á±‹_â‹¨È_¾÷_,Movie,1,17-Jan-20,Unknown,Unknown,Sentai Filmworks,Kinema Citrus,Web manga,1 hr. 45 min.,R - 17+ (violence & profanity),35,682,216416,1546,4357,85039,1280,356,125384,19396,25707,16909,5248,1533,486,237,108,70,166
23273,Shigatsu wa Kimi no Uso,8.74,"Drama, Music, Romance, School, Shounen",Your Lie in April,Œİİ¾Ïö‹øŒİ‹¨Œ÷÷,TV,22,"Oct 10, 2014 to Mar 20, 2015",Fall 2014,"Aniplex, Dentsu, Kodansha, Fuji TV, Kyoraku Industrial Holdings",Aniplex of America,A-1 Pictures,Manga,22 min. per ep.,PG-13 - Teens 13 or older,36,22,1442330,69557,78753,1036649,39315,34336,253277,307670,250337,177967,82986,30877,14233,7001,2911,1562,2645
44,Rurouni Kenshin: Meiji Kenkaku Romantan - Tsuioku-hen,8.73,"Action, Historical, Drama, Romance, Martial Arts, Samurai, Shounen",Samurai X:Trust and Betrayal,‹âÜ‹â‹ ‹ÇŒä£ŒÀÄ‰Û¥¾÷_¾_ÈŒä£Œ¨¢¾µ»¾_Ç__‰Û¥À_¾ ¦á¬,OVA,4,"Feb 20, 1999 to Sep 22, 1999",Unknown,Aniplex,"ADV Films, Aniplex of America",Studio Deen,Manga,30 min. per ep.,R - 17+ (violence & profanity),37,637,228484,6111,6359,150183,3124,1836,66982,39845,33317,25800,11782,3575,1393,448,163,106,490
28891,Haikyuu!! Second Season,8.73,"Comedy, Sports, Drama, School, Shounen",Haikyu!! 2nd Season,‹Ä‹â_‹â_‹Ä´‹Ä_!! ‹âÈ‹âÇ‹Ä_‹Ää‹âá‹Ä_‹â¼‹Ä_,TV,25,"Oct 4, 2015 to Mar 27, 2016",Fall 2015,"TOHO animation, Shueisha",Sentai Filmworks,Production I.G,Manga,24 min. per ep.,PG-13 - Teens 13 or older,38,94,874150,13879,45223,736157,11154,4991,76625,151129,199939,155002,51418,10670,3239,810,313,167,890
1575,Code Geass: Hangyaku no Lelouch,8.72,"Action, Military, Sci-Fi, Super Power, Drama, Mecha, School",Code Geass:Lelouch of the Rebellion,‹â_‹Ä_‹Ää‹â¨‹â¢‹â_ ŒÛ ‹¨‹ÄÇ‹ÄÇ‹Ä_‹âá‹Ä´,TV,25,"Oct 6, 2006 to Jul 29, 2007",Fall 2006,"Bandai Visual, Mainichi Broadcasting System, Bandai, Sony Music Entertainment, Bandai Namco Entertainment, Hakuhodo DY Media Partners","Funimation, Bandai Entertainment",Sunrise,Original,24 min. per ep.,R - 17+ (violence & profanity),39,15,1583882,90487,69924,1209288,40874,30864,232932,326710,309688,213516,93305,31697,14686,7065,3100,1630,2621
164,Mononoke Hime,8.72,"Action, Adventure, Fantasy",Princess Mononoke,‹ââ‹¨‹¨‹ÔŒ¤Ç,Movie,1,12-Jul-97,Unknown,"Tokuma Shoten, Nippon Television Network",GKIDS,Studio Ghibli,Original,2 hr. 15 min.,PG-13 - Teens 13 or older,40,91,876813,17114,11422,735624,3384,1386,124997,184173,167754,131050,57874,17052,5570,1660,545,283,702
40456,Kimetsu no Yaiba Movie: Mugen Ressha-hen,8.72,"Action, Historical, Demons, Supernatural, Shounen",Unknown,Œ_àŒÊ«äö Â_¾ÈÉ‹¨ŒöÄ ãÁªŒöÑÈ_á¬,Movie,1,16-Oct-20,Unknown,"Aniplex, Shueisha",Aniplex of America,ufotable,Manga,1 hr. 57 min.,R - 17+ (violence & profanity),40,398,341006,4034,9994,41603,3118,378,285913,13267,10226,7525,2894,797,365,116,62,82,557
21939,Mushishi Zoku Shou,8.72,"Adventure, Slice of Life, Mystery, Historical, Supernatural, Fantasy, Seinen",MUSHI-SHI -Next Passage-,Ù_ŒüÇ ¦_ÇÊ,TV,10,"Apr 5, 2014 to Jun 21, 2014",Spring 2014,"Aniplex, Kodansha, Delfi Sound",Aniplex of America,Artland,Manga,24 min. per ep.,PG-13 - Teens 13 or older,42,639,226522,1393,12585,113559,6095,2606,91677,26215,30454,22695,8632,2195,766,212,117,58,471
37521,Vinland Saga,8.71,"Action, Adventure, Drama, Historical, Seinen",Unknown,‹Ä«‹â£‹Ä_‹Ä©‹Ä_‹Ää‹ÄÈ‹âµ‹âÂ,TV,24,"Jul 8, 2019 to Dec 30, 2019",Summer 2019,"Production I.G, Dentsu, Kodansha, Twin Engine",Unknown,Wit Studio,Manga,24 min. per ep.,R - 17+ (violence & profanity),43,145,671949,17637,84706,380519,20651,11419,174654,85399,132039,86412,28943,7571,2972,1311,610,461,938
245,Great Teacher Onizuka,8.7,"Slice of Life, Comedy, Drama, School, Shounen",Great Teacher Onizuka,‹â¡‹ÄÂ‹Ä_‹Äö‹ÄÈ‹Ä ‹â£‹Ä_‹Ä‹Ä£‹Ä_‹ÄÈ‹â»‹ÄÜ‹ÄÉ‹âÇ,TV,43,"Jun 30, 1999 to Sep 17, 2000",Summer 1999,"Aniplex, Fuji TV","Discotek Media, Tokyopop",Studio Pierrot,Manga,25 min. per ep.,R - 17+ (violence & profanity),44,184,589324,20870,44940,334925,32815,18032,158612,86645,93002,70904,32510,9587,3720,1434,644,385,903
457,Mushishi,8.69,"Adventure, Slice of Life, Mystery, Historical, Supernatural, Fantasy, Seinen",Mushi-Shi,Ù_ŒüÇ,TV,26,"Oct 23, 2005 to Jun 19, 2006",Fall 2005,"Avex Entertainment, Marvelous, SKY Perfect Well Think, Delfi Sound",Funimation,Artland,Manga,25 min. per ep.,PG-13 - Teens 13 or older,45,167,620736,23066,55482,235371,42786,20017,267080,65961,64493,51656,24255,8603,4064,1486,573,301,760
38329,Seishun Buta Yarou wa Yumemiru Shoujo no Yume wo Minai,8.68,"Supernatural, Drama, Romance, School",Rascal Does Not Dream of a Dreaming Girl,Õ¾÷´‹ÄĞ‹âÀà_Ä_‹ø‹â ‹â‹À‹âÜŒ¡ÔŒ´_‹¨Œ_¢‹âÕ_Ü‹»‹ã,Movie,1,15-Jun-19,Unknown,"Aniplex, Tokyo MX, Hakuhodo DY Music & Pictures, Nagoya Broadcasting Network, BS11, ABC Animation, Kadokawa",Aniplex of America,CloverWorks,Light novel,1 hr. 30 min.,PG-13 - Teens 13 or older,46,370,359086,6468,8629,259853,2035,868,87701,61961,71960,49584,19268,5997,2246,1140,537,336,491
11665,Natsume Yuujinchou Shi,8.67,"Slice of Life, Demons, Supernatural, Drama, Shoujo",Natsume's Book of Friends Season 4,Œ_İ¨ŒÜŠ¼¼Œü_ â ,TV,13,"Jan 3, 2012 to Mar 27, 2012",Winter 2012,"TV Tokyo, Aniplex, Nihon Ad Systems, Hakusensha, Sony Music Entertainment","NIS America, Inc.",Brain's Base,Manga,24 min. per ep.,PG-13 - Teens 13 or older,47,774,193052,1814,7137,114646,3382,1812,66075,24094,27470,22571,9442,2494,753,195,89,56,345
2921,Ashita no Joe 2,8.67,"Action, Drama, Shounen, Slice of Life, Sports",Rocky Joe 2,‹â‹Ñ‹Ù‹¨‹âü‹Ä¤‹Ä_•_Õ,TV,47,"Oct 13, 1980 to Aug 31, 1981",Fall 1980,Annapuru,Unknown,Tokyo Movie Shinsha,Manga,24 min. per ep.,PG-13 - Teens 13 or older,49,2966,30192,1546,1378,14113,657,739,13305,4115,2799,2202,1096,420,173,68,107,105,649
5258,Hajime no Ippo: New Challenger,8.67,"Comedy, Sports, Drama, Shounen",Fighting Spirit:New Challenger,‹ø‹÷‹â‹¨ŠüÛ¾_© ¾Ğ¡‹âá‹Ä»‹Ä_‹â¼,TV,26,"Jan 7, 2009 to Jul 1, 2009",Winter 2009,"VAP, Kodansha, Nippon Television Network",Unknown,Madhouse,Manga,23 min. per ep.,PG-13 - Teens 13 or older,50,726,201421,1598,7005,156501,2752,1548,33615,30259,41265,33155,11887,2575,807,249,90,56,451
431,Howl no Ugoku Shiro,8.67,"Adventure, Drama, Fantasy, Romance",Howl's Moving Castle,‹Ä‹â_‹ÄÇ‹¨ŒÜ¥‹ŒÙ_,Movie,1,20-Nov-04,Unknown,"d-rights, Tokuma Shoten",Walt Disney Studios,Studio Ghibli,Novel,1 hr. 59 min.,G - All Ages,51,98,847414,17845,8733,754791,2283,947,80660,186983,167309,137336,62317,18427,6427,2246,737,351,668
2001,Tengen Toppa Gurren Lagann,8.66,"Action, Adventure, Comedy, Mecha, Sci-Fi",Gurren Lagann,Œ_©ŒÉÄ»Ê«‹â¡‹ÄÂ‹Ä_‹Ä©‹âÂ‹Ä_,TV,27,"Apr 1, 2007 to Sep 30, 2007",Spring 2007,"TV Tokyo, Aniplex, Dentsu, Konami, Half H.P Studio, Bandai","ADV Films, Bandai Entertainment, Aniplex of America",Gainax,Original,24 min. per ep.,PG-13 - Teens 13 or older,52,46,1213765,67916,70769,805570,56386,42030,239010,222328,195507,149742,76985,28213,13538,5750,2375,1350,2049
34591,Natsume Yuujinchou Roku,8.65,"Slice of Life, Demons, Supernatural, Drama, Shoujo",Natsume's Book of Friends Season 6,Œ_İ¨ŒÜŠ¼¼Œü_ ªü,TV,11,"Apr 12, 2017 to Jun 21, 2017",Spring 2017,"TV Tokyo, Aniplex, Nihon Ad Systems, Hakusensha",Unknown,Shuka,Manga,23 min. per ep.,PG-13 - Teens 13 or older,53,1099,134852,930,8129,64091,2566,1574,58492,13565,15014,12741,5399,1441,530,132,49,29,413
7311,Suzumiya Haruhi no Shoushitsu,8.65,"Comedy, Mystery, Romance, School, Sci-Fi, Supernatural",The Disappearance of Haruhi Suzumiya,¾¦_Œ¨¨‹Ä‹ÄÇ‹ÄÕ‹¨¾¦öŒ_±,Movie,1,6-Feb-10,Unknown,"Kadokawa Shoten, Animation Do","Funimation, Bandai Entertainment",Kyoto Animation,Light novel,2 hr. 42 min.,PG-13 - Teens 13 or older,54,243,486871,11585,11330,322186,4922,3853,144580,73646,78831,58615,28234,9268,3358,1106,399,282,692
37779,Yakusoku no Neverland,8.65,"Sci-Fi, Mystery, Horror, Psychological, Thriller, Shounen",The Promised Neverland,«ã¾Ù‹¨‹Ä‹Ä‹Ä_‹Ä©‹Ä_‹Ää,TV,12,"Jan 10, 2019 to Mar 29, 2019",Winter 2019,"Aniplex, Dentsu, A-1 Pictures, Fuji TV, Shueisha, CA-Cygames Anime Fund",Aniplex of America,CloverWorks,Manga,22 min. per ep.,R - 17+ (violence & profanity),55,55,1133952,32542,78900,863136,17950,12852,161114,169589,258096,202613,66705,15825,5198,2055,790,373,1041
37987,Violet Evergarden Movie,8.65,"Slice of Life, Drama, Fantasy",Unknown,Œ_àŒÊ«äö ‹Ä«‹âÁ‹â_‹â»‹ÄÂ‹ÄÄ‹Äö‹ÄÈ‹â¬‹Ä«‹âÁ‹Ä_‹âÂ‹Ä_‹Äà‹Ä_,Movie,1,18-Sep-20,Unknown,Shochiku,Unknown,Kyoto Animation,Light novel,2 hr. 20 min.,PG-13 - Teens 13 or older,55,779,189859,961,4210,21244,1806,270,162329,5413,4527,3897,1839,516,192,61,26,17,99
12355,Ookami Kodomo no Ame to Yuki,8.64,"Fantasy, Slice of Life",Wolf Children,‹_‹_‹Ü‹À‹Ò‹©‹ââ‹¨İ¬‹¬İ»,Movie,1,21-Jul-12,Unknown,"Madhouse, VAP, Dentsu, Yomiuri Telecasting, Kadokawa Shoten, Toho, Hiroshima Television",Funimation,Studio Chizu,Original,1 hr. 57 min.,PG - Children,56,170,616049,10216,11338,448228,3366,1277,151840,99065,111968,87282,37287,10678,3775,1483,657,306,758
42203,Re:Zero kara Hajimeru Isekai Seikatsu 2nd Season Part 2,8.64,"Psychological, Drama, Thriller, Fantasy",Unknown,Re•__‹â_‹Ä_‹Ü‹âäŒ¤Ü‹â‹âÜ¥¡ŠüĞ¥ÎÓÙ¾«È,TV,12,"Jan 6, 2021 to ?",Winter 2021,Kadokawa,Unknown,White Fox,Light novel,28 min. per ep.,R - 17+ (violence & profanity),56,399,342829,5059,214713,51,4191,1568,122306,22038,22548,17639,7237,2242,965,491,230,151,536
33352,Violet Evergarden,8.64,"Slice of Life, Drama, Fantasy",Violet Evergarden,‹Ä«‹âÁ‹â_‹â»‹ÄÂ‹ÄÄ‹Äö‹ÄÈ‹â¬‹Ä«‹âÁ‹Ä_‹âÂ‹Ä_‹Äà‹Ä_,TV,13,"Jan 11, 2018 to Apr 5, 2018",Winter 2018,"Lantis, Pony Canyon, Rakuonsha, ABC Animation",Funimation,Kyoto Animation,Light novel,24 min. per ep.,PG-13 - Teens 13 or older,57,67,1039300,34340,92325,615251,36485,33681,261558,168723,155219,121400,56822,22489,10259,4576,1721,783,1485
22135,Ping Pong the Animation,8.63,"Drama, Psychological, Seinen, Sports",Ping Pong the Animation,‹ÄÓ‹Ä_‹Ä‹Ä_ THE ANIMATION,TV,11,"Apr 11, 2014 to Jun 20, 2014",Spring 2014,"Aniplex, Dentsu, Fuji TV, Kyoraku Industrial Holdings, Science SARU",Funimation,Tatsunoko Production,Manga,23 min. per ep.,PG-13 - Teens 13 or older,59,545,265774,11436,11309,145309,7203,5683,96270,34540,41187,30450,12864,4057,1799,830,416,293,971
1535,Death Note,8.63,"Mystery, Police, Psychological, Supernatural, Thriller, Shounen",Death Note,‹Äà‹â_‹Ä_‹Ä_‹Äö,TV,37,"Oct 4, 2006 to Jun 27, 2007",Fall 2006,"VAP, Konami, Ashi Production, Nippon Television Network, Shueisha",VIZ Media,Madhouse,Manga,23 min. per ep.,R - 17+ (violence & profanity),60,1,2589552,145201,122401,2146116,75054,80834,165147,557406,535252,415890,201522,68577,28048,10462,3692,2256,3586
28957,Mushishi Zoku Shou: Suzu no Shizuku,8.63,"Adventure, Fantasy, Historical, Mystery, Seinen, Slice of Life, Supernatural",Unknown,Ù_ŒüÇ ¦_ÇÊ:ö«‹¨İÇ,Movie,1,16-May-15,Unknown,"Aniplex, Kodansha, Delfi Sound",Unknown,Artland,Manga,47 min.,PG-13 - Teens 13 or older,61,1448,96435,201,2617,50964,1041,577,41236,9775,12120,10115,3813,914,313,87,37,23,573
38000,Kimetsu no Yaiba,8.62,"Action, Demons, Historical, Shounen, Supernatural",Demon Slayer:Kimetsu no Yaiba,Â_¾ÈÉ‹¨ŒöÄ,TV,26,"Apr 6, 2019 to Sep 28, 2019",Spring 2019,"Aniplex, Shueisha",Aniplex of America,ufotable,Manga,23 min. per ep.,R - 17+ (violence & profanity),62,24,1423778,51725,154413,1079964,24614,19506,145281,243770,300149,242534,95902,27255,11430,3902,1484,862,3000
37991,JoJo no Kimyou na Bouken Part 5: Ougon no Kaze,8.61,"Action, Adventure, Shounen",JoJo's Bizarre Adventure:Golden Wind,‹âü‹Ä¤‹âü‹Ä¤‹¨Œ´àŒ_ª‹»Œ Õª¼ ÈãàÔ‹¨¢¬,TV,39,"Oct 6, 2018 to Jul 28, 2019",Fall 2018,"Warner Bros. Japan, KlockWorx, Medicos Entertainment, Shueisha",VIZ Media,David Production,Manga,23 min. per ep.,R - 17+ (violence & profanity),63,211,542642,21884,64809,383733,10625,5735,77740,91997,112273,85285,33502,10377,4176,2031,854,523,1591
31757,Kizumonogatari II: Nekketsu-hen,8.61,"Action, Mystery, Supernatural, Vampire",Kizumonogatari Part 2:Nekketsu,Œâáä©»_‹Ûö‰ÉÁ ±ÁÛøà‹Ûä,Movie,1,19-Aug-16,Unknown,"Aniplex, Kodansha",Aniplex of America,Shaft,Light novel,1 hr. 4 min.,R - 17+ (violence & profanity),64,460,305408,1847,6076,227787,1737,769,69039,41828,62968,49355,17174,4342,1630,642,291,140,586
7785,Yojouhan Shinwa Taikei,8.61,"Mystery, Comedy, Psychological, Romance",The Tatami Galaxy,Œİİ¥_Œ_´_©±Œ_¤_È,TV,11,"Apr 23, 2010 to Jul 2, 2010",Spring 2010,"Dentsu, Kadokawa Shoten, Fuji TV, Toho, Asmik Ace, Tohokushinsha Film Corporation, Sony Music Entertainment, Fujipacific Music",Funimation,Madhouse,Novel,23 min. per ep.,R - 17+ (violence & profanity),65,454,307558,14335,19309,114567,11664,7132,154886,30301,31128,23327,10645,3997,1850,947,419,295,688
38474,Yuru Camp‰Ğ_ Season 2,8.61,"Slice of Life, Comedy",Laid-Back Camp,‹â ‹âÜ‹â_‹Ä£‹Ä_‰Ğ_ SEASON2,TV,13,"Jan 7, 2021 to ?",Winter 2021,"Half H.P Studio, MAGES., DeNA",Unknown,C-Station,Manga,23 min. per ep.,PG-13 - Teens 13 or older,65,1381,101971,903,44585,9,1051,389,55937,3874,3741,3558,1414,388,146,27,22,10,113
10379,Natsume Yuujinchou San,8.6,"Slice of Life, Demons, Supernatural, Drama, Shoujo",Natsume's Book of Friends Season 3,Œ_İ¨ŒÜŠ¼¼Œü_ Œâ,TV,13,"Jul 5, 2011 to Sep 27, 2011",Summer 2011,"Aniplex, Sakura Create","NIS America, Inc.",Brain's Base,Manga,24 min. per ep.,PG-13 - Teens 13 or older,67,738,200904,1287,7668,125678,3752,1978,61828,23877,29832,26487,11302,2904,903,218,93,59,226
28735,Shouwa Genroku Rakugo Shinjuu,8.6,"Drama, Historical, Josei",Showa Genroku Rakugo Shinju,¾÷_ŒÕÎŒÉÄ_ã_»_ŒÀÄŠü_,TV,13,"Jan 9, 2016 to Apr 2, 2016",Winter 2016,"Starchild Records, Mainichi Broadcasting System, Kodansha, DAX Production",Unknown,Studio Deen,Manga,26 min. per ep.,PG-13 - Teens 13 or older,68,653,223244,4906,16591,84037,10218,6878,105520,18063,25902,19566,7807,2609,1168,447,167,101,456
19647,Hajime no Ippo: Rising,8.6,"Comedy, Sports, Drama, Shounen",Hajime No Ippo:The Fighting!,‹ø‹÷‹â‹¨ŠüÛ¾_© Rising,TV,25,"Oct 6, 2013 to Mar 29, 2014",Fall 2013,"VAP, Kodansha, Nippon Television Network",Unknown,"Madhouse, MAPPA",Manga,22 min. per ep.,PG-13 - Teens 13 or older,69,851,175315,1010,7901,129332,2857,1495,33730,23201,32757,28706,10740,2431,764,223,96,46,399
33049,Fate/stay night Movie: Heaven's Feel - II. Lost Butterfly,8.59,"Action, Fantasy, Magic, Supernatural",Fate/stay night:Heaven's Feel - II. Lost Butterfly,Œ_àŒÊ«äö‹ÛÎFate/stay night [Heaven's Feel] II.lost butterfly‹Û,Movie,1,12-Jan-19,Unknown,"Aniplex, Notes, Kadokawa",Aniplex of America,ufotable,Visual novel,1 hr. 57 min.,R - 17+ (violence & profanity),70,737,200194,2610,4825,121809,1433,641,71486,22683,34436,25371,9398,2844,943,524,212,133,528
11741,Fate/Zero 2nd Season,8.59,"Action, Supernatural, Magic, Fantasy",Fate/Zero Season 2,‹Ä¥‹â¤‹â_‹Äö/‹â_‹Ä_ 2nd‹âá‹Ä_‹â¼‹Ä_,TV,12,"Apr 8, 2012 to Jun 24, 2012",Spring 2012,"Aniplex, Nitroplus, Seikaisha, Notes",Aniplex of America,ufotable,Light novel,24 min. per ep.,R - 17+ (violence & profanity),71,105,808294,17197,21363,649100,8229,4724,124878,124803,170594,135577,56627,15476,5336,1995,732,424,974
42897,Horimiya,8.6,"Slice of Life, Comedy, Romance, School, Shounen",Horimiya,‹Äİ‹Ä»‹ÄÙ‹Ä_,TV,13,"Jan 10, 2021 to ?",Winter 2021,"Aniplex, Square Enix, Mainichi Broadcasting System, Movic, Kanetsu Investment, My Theater D.D., Global Solutions, Mirai-Kojo",Funimation,CloverWorks,Manga,23 min. per ep.,PG-13 - Teens 13 or older,71,366,363936,9065,245814,189,3413,2018,112502,24190,28488,24494,9619,2458,1023,310,135,75,337
36098,Kimi no Suizou wo Tabetai,8.59,Drama,I want to eat your pancreas,Œİ‹¨ µàÒ‹âÕ‹Ù‹_‹Ù‹ã,Movie,1,1-Sep-18,Unknown,Aniplex,Aniplex of America,Studio VOLN,Novel,1 hr. 48 min.,PG-13 - Teens 13 or older,74,300,437815,10435,11562,299661,2550,947,123095,67470,79908,60107,25272,8041,3344,1552,769,402,717
32983,Natsume Yuujinchou Go,8.59,"Slice of Life, Demons, Supernatural, Drama, Shoujo",Natsume's Book of Friends Season 5,Œ_İ¨ŒÜŠ¼¼Œü_ Š_,TV,11,"Oct 5, 2016 to Dec 21, 2016",Fall 2016,"TV Tokyo, Aniplex, Nihon Ad Systems, Hakusensha",Unknown,Shuka,Manga,23 min. per ep.,PG-13 - Teens 13 or older,75,1092,135177,690,8773,72069,2758,1531,50046,14008,16754,15583,6437,1615,545,140,41,28,193
35760,Shingeki no Kyojin Season 3,8.59,"Action, Military, Mystery, Super Power, Drama, Fantasy, Shounen",Attack on Titan Season 3,Û_¾ÕÄ‹¨Œá¬Š¼¼ Season3,TV,12,"Jul 23, 2018 to Oct 15, 2018",Summer 2018,"Production I.G, Dentsu, Mainichi Broadcasting System, Pony Canyon, Kodansha, Techno Sound, Pony Canyon Enterprise",Funimation,Wit Studio,Manga,23 min. per ep.,R - 17+ (violence & profanity),76,48,1212430,14971,62604,991045,10271,6048,142462,194692,256697,215524,78551,19822,6215,2442,967,459,1285
44042,Holo no Graffiti,8.58,Comedy,Holo Graffiti,‹Äİ‹Ä_‹¨‹‹âä‹µ‹Ä‹_‹Ä,ONA,Unknown,"May 5, 2019 to ?",Unknown,Cover Corp,Unknown,Unknown,Other,1 min.,PG-13 - Teens 13 or older,77,3815,18293,1070,9731,5,590,554,7413,4243,838,837,467,204,148,49,43,61,478
44087,Gintama: The Semi-Final,8.58,"Action, Comedy, Historical, Parody, Samurai, Shounen",Unknown,_Û_â THE SEMI-FINAL,Special,2,"Jan 15, 2021 to Jan 20, 2021",Unknown,Unknown,Unknown,Unknown,Manga,24 min. per ep.,PG-13 - Teens 13 or older,77,3714,19351,146,1161,4103,219,49,13819,1305,902,878,414,87,46,15,3,5,72
12365,Bakuman. 3rd Season,8.58,"Comedy, Drama, Romance, Shounen",Bakuman.,‹Ä‹âø‹Ä_‹Ä_‹Ûâ,TV,25,"Oct 6, 2012 to Mar 30, 2013",Fall 2012,"NHK, Shueisha",Unknown,J.C.Staff,Manga,24 min. per ep.,PG-13 - Teens 13 or older,78,537,268794,2815,8589,199772,4779,2711,52943,39200,49668,43583,18687,5274,1804,541,197,108,464
40776,Haikyuu!!: To the Top 2nd Season,8.57,"Comedy, Sports, Drama, School, Shounen",Unknown,‹Ä‹â_‹â_‹Ä´‹Ä_!! TO THE TOP,TV,12,"Oct 3, 2020 to Dec 19, 2020",Fall 2020,"Dentsu, Mainichi Broadcasting System, Movic, Sony Music Entertainment, TOHO animation, Shueisha",Unknown,Production I.G,Manga,23 min. per ep.,PG-13 - Teens 13 or older,79,375,355906,4333,66566,194898,5135,1942,87365,42118,56805,50287,19723,5056,1694,536,191,82,389
21329,Mushishi: Hihamukage,8.57,"Adventure, Slice of Life, Mystery, Historical, Supernatural, Fantasy, Seinen",The Shadow that Devours the Sun,Ù_ŒüÇ ä_Œö´øà‹ÛÎ¾Ñ´¥‹âÛÀ_‹Û,Special,1,4-Jan-14,Unknown,"Aniplex, Kodansha, Delfi Sound",Unknown,Artland,Manga,45 min.,PG-13 - Teens 13 or older,80,1345,105796,171,2284,69625,937,501,32449,11598,17343,15478,5731,1235,364,81,44,36,349
30276,One Punch Man,8.57,"Action, Sci-Fi, Comedy, Parody, Super Power, Supernatural",One Punch Man,‹Äø‹Ä_‹ÄÔ‹Ä_‹Ä_‹Ä_,TV,12,"Oct 5, 2015 to Dec 21, 2015",Fall 2015,"TV Tokyo, Bandai Visual, Lantis, Asatsu DK, Banpresto, Good Smile Company, Shueisha, JR East Marketing & Communications",VIZ Media,Madhouse,Web manga,24 min. per ep.,R - 17+ (violence & profanity),81,5,2123866,54435,96568,1841220,30271,26755,129052,360187,465041,403832,172181,47365,17873,5706,2279,1448,2733
4565,Tengen Toppa Gurren Lagann Movie 2: Lagann-hen,8.57,"Action, Mecha, Sci-Fi, Space, Super Power",Gurren Lagann The Movie:The Lights in the Sky are Stars,Œ_©ŒÉÄ»Ê«‹â¡‹ÄÂ‹Ä_‹Ä©‹âÂ‹Ä_ _¼ŒáÎøà,Movie,1,22-Apr-09,Unknown,Aniplex,Aniplex of America,Gainax,Original,2 hr. 5 min.,R+ - Mild Nudity,82,876,168762,989,3490,112502,1445,972,50353,23194,22202,19604,9139,2910,1104,369,155,105,450
35839,Sora yori mo Tooi Basho,8.57,"Adventure, Comedy, Drama",A Place Further Than The Universe,Œ¨àŒ¨ª‹âö‹â_‹ââÊ‹ãŒÊ«¾äÛ,TV,13,"Jan 2, 2018 to Mar 27, 2018",Winter 2018,"Media Factory, Movic, AT-X, Sony Music Communications, Docomo Anime Store, Kadokawa Media House, Kadokawa, NewGin, Crunchyroll SC Anime Fund",Unknown,Madhouse,Original,23 min. per ep.,PG-13 - Teens 13 or older,82,392,344406,10283,27984,168250,11331,7203,129638,38800,46049,38773,17540,5814,2406,787,295,159,303
5300,Zoku Natsume Yuujinchou,8.57,"Slice of Life, Demons, Supernatural, Drama, Shoujo",Natsume's Book of Friends Season 2,¦_ Œ_İ¨ŒÜŠ¼¼Œü_,TV,13,"Jan 6, 2009 to Mar 31, 2009",Winter 2009,"Aniplex, Nihon Ad Systems","NIS America, Inc.",Brain's Base,Manga,24 min. per ep.,PG-13 - Teens 13 or older,84,737,200649,1413,6961,133333,3794,1661,54900,24819,31952,29791,12232,3001,909,233,87,67,203
4282,Kara no Kyoukai 5: Mujun Rasen,8.56,"Action, Mystery, Supernatural, Drama, Romance, Thriller",the Garden of sinners Chapter 5:Paradox Paradigm,Œ_àŒÊ«äö ©¼‹¨Œ¢Ä¥Î the Garden of sinners ÂÂŠ¼ÓÇÊ‹Û_Ùİİ__¼¾ÑÜ‹Û,Movie,1,16-Aug-08,Unknown,Notes,Aniplex of America,ufotable,Light novel,1 hr. 54 min.,R - 17+ (violence & profanity),85,788,188403,3800,3374,134993,1654,663,47719,26232,34410,27245,11273,3500,1419,522,247,133,433
30654,Ansatsu Kyoushitsu 2nd Season,8.54,"Action, Comedy, School, Shounen",Assassination Classroom Second Season,¾_Ñ¾¨¼¾¥ªŒ¨_‹ÛÛÂÂ•_Õ¾ÏÙ,TV,25,"Jan 8, 2016 to Jul 1, 2016",Winter 2016,"Dentsu, Studio Hibari, Fuji TV, DAX Production, Avex Pictures, Shueisha, Kansai Telecasting",Funimation,Lerche,Manga,23 min. per ep.,PG-13 - Teens 13 or older,86,86,899476,14144,48245,701408,22327,13098,114398,130223,170965,152883,67404,19195,7042,2269,841,408,740
40417,Fruits Basket 2nd Season,8.54,"Slice of Life, Comedy, Supernatural, Drama, Romance, Shoujo",Unknown,‹Ä¥‹ÄÇ‹Ä_‹Äã‹Ä‹â_‹â±‹ÄÄ‹Äö 2nd season,TV,25,"Apr 7, 2020 to Sep 22, 2020",Spring 2020,TMS Music,Funimation,TMS Entertainment,Manga,23 min. per ep.,PG-13 - Teens 13 or older,87,750,197274,3013,40614,79090,7825,3212,66533,17959,23670,21493,9488,3057,1196,416,131,59,121
801,Koukaku Kidoutai: Stand Alone Complex 2nd GIG,8.54,"Action, Military, Sci-Fi, Mystery, Police, Mecha, Seinen",Ghost in the Shell:Stand Alone Complex 2nd GIG,¾ÓÈ¾¨È¾©ÙŒÜ¥__ S.A.C. 2nd GIG,TV,26,"Jan 1, 2004 to Jan 8, 2005",Winter 2004,"Bandai Visual, Dentsu, Victor Entertainment, Kodansha, Tokuma Shoten, Nippon Television Network","Bandai Entertainment, Manga Entertainment",Production I.G,Manga,25 min. per ep.,R - 17+ (violence & profanity),88,778,191690,3021,7242,115405,5597,2104,61342,20351,29634,25007,10811,2912,1084,345,147,71,433
40748,Jujutsu Kaisen (TV),8.54,"Action, Demons, Supernatural, School, Shounen",Unknown,ŒÔ»ÁÒŒÈÈ¾ö_,TV,24,"Oct 3, 2020 to ?",Fall 2020,"TOHO animation, Shueisha, dugout",Unknown,MAPPA,Manga,23 min. per ep.,R - 17+ (violence & profanity),88,130,707976,20816,533016,299,13891,5177,155593,53357,81070,74305,24187,5181,2116,633,263,178,689
3297,Aria the Origination,8.53,"Sci-Fi, Slice of Life, Fantasy, Shounen",Aria the Origination,ARIA The ORIGINATION,TV,13,"Jan 8, 2008 to Apr 1, 2008",Winter 2008,"TV Tokyo, Shochiku, Mag Garden",Nozomi Entertainment,Hal Film Maker,Manga,24 min. per ep.,G - All Ages,89,1415,98196,3612,3671,30863,2498,2471,58693,8846,5662,4813,3044,1499,734,315,146,110,449
35843,Gintama.: Porori-hen,8.53,"Action, Comedy, Historical, Parody, Samurai, Sci-Fi, Shounen",Gintama.:Slip Arc,_Û_â‹Ûâ‹Ä‹Ä_‹Ä»á¬,TV,13,"Oct 2, 2017 to Dec 25, 2017",Fall 2017,"TV Tokyo, Aniplex, Dentsu, Shueisha",Unknown,Bandai Namco Pictures,Manga,23 min. per ep.,PG-13 - Teens 13 or older,90,1159,127958,947,7998,79630,2175,1224,36931,19687,15760,16162,7886,2413,813,338,146,94,726
20583,Haikyuu!!,8.53,"Comedy, Sports, Drama, School, Shounen",Haikyu!!,‹Ä‹â_‹â_‹Ä´‹Ä_!!,TV,25,"Apr 6, 2014 to Sep 21, 2014",Spring 2014,"Mainichi Broadcasting System, TOHO animation, Shueisha",Sentai Filmworks,Production I.G,Manga,24 min. per ep.,PG-13 - Teens 13 or older,91,50,1185274,54887,83029,896822,31311,21054,153058,162370,223646,217798,89746,22435,8415,2448,942,565,1396
170,Slam Dunk,8.53,"Comedy, Drama, School, Shounen, Sports",Slam Dunk,‹â_‹Ä©‹ÄÊ‹ÄÛ‹Ä_‹âø,TV,101,"Oct 16, 1993 to Mar 23, 1996",Fall 1993,"TV Asahi, Animax","Flatiron Film Company, Geneon Entertainment USA",Toei Animation,Manga,23 min. per ep.,PG-13 - Teens 13 or older,92,728,201203,5471,15530,108713,12179,7862,56919,24041,26797,25578,12645,4036,1603,493,215,125,443
6114,Rainbow: Nisha Rokubou no Shichinin,8.52,"Drama, Historical, Seinen, Thriller",Rainbow,RAINBOW Š¼Îö_ŒÉ_¾öÀ‹¨ŠüÄŠ¼¼,TV,26,"Apr 7, 2010 to Sep 29, 2010",Spring 2010,"VAP, Nippon Television Network",Funimation,Madhouse,Manga,22 min. per ep.,R - 17+ (violence & profanity),94,466,304557,7421,20996,135582,16102,12168,119709,32528,36212,30339,14462,5448,2579,1247,522,269,589
21,One Piece,8.52,"Action, Adventure, Comedy, Super Power, Drama, Fantasy, Shounen",One Piece,ONE PIECE,TV,Unknown,"Oct 20, 1999 to ?",Fall 1999,"Fuji TV, TAP, Shueisha","Funimation, 4Kids Entertainment",Toei Animation,Manga,24 min.,PG-13 - Teens 13 or older,95,31,1352724,126645,887333,33,187919,136245,141194,292445,166186,141755,85424,35342,19019,8201,3675,2616,6340
12431,Uchuu Kyoudai,8.52,"Comedy, Sci-Fi, Seinen, Slice of Life, Space",Space Brothers,Œ¨àŒ¨ªŒÉãŒ_Ù,TV,99,"Apr 1, 2012 to Mar 22, 2014",Spring 2012,"Aniplex, Dentsu, YTV, Trinity Sound",Sentai Filmworks,A-1 Pictures,Manga,24 min. per ep.,PG-13 - Teens 13 or older,95,991,150428,3404,16552,37234,13009,6948,76685,9751,12803,11473,5771,2040,907,295,119,64,392
7472,Gintama Movie 1: Shinyaku Benizakura-hen,8.52,"Action, Sci-Fi, Comedy, Historical, Parody, Samurai, Shounen",Gintama:The Movie,Œ_àŒÊ«äö _Û_â ¾Ğ¡¬_«É¾ÁÏøà,Movie,1,24-Apr-10,Unknown,"TV Tokyo, Aniplex, Dentsu, Bandai, Warner Bros. Japan, Shueisha",Sentai Filmworks,Sunrise,Manga,1 hr. 35 min.,R - 17+ (violence & profanity),96,1243,116327,559,1782,89025,831,637,24052,18144,18185,18177,8221,2334,877,299,109,59,614
37379,37379,37379,37379,37379,‹Á‹ø‹âã‹µ‹âÜ 3,TV,24,"Oct 23, 2019 to Mar 25, 2020",Fall 2019,"Kodansha, Nippon Television Network, TC Entertainment, Nippon Television Music, FBC",Sentai Filmworks,Madhouse,Manga,22 min. per ep.,PG-13 - Teens 13 or older,96,1548,88901,1186,9826,40652,2335,1143,34945,7388,12177,10316,4176,1256,414,128,105,28,236
38040,Kono Subarashii Sekai ni Shukufuku wo!: Kurenai Densetsu,8.52,"Adventure, Comedy, Fantasy, Magic, Parody, Supernatural",KONOSUBA -God's blessing on this wonderful world!- Legend of Crimson,‹Ò‹¨«Ê¾ª«‹âä‹Ñ‹ãŠüĞ¥Î‹Ç´_‹âÕ•_«ÉŠ_»Â,Movie,1,30-Aug-19,Unknown,Unknown,Unknown,J.C.Staff,Light novel,1 hr. 30 min.,PG-13 - Teens 13 or older,98,321,418555,3814,9060,313650,2210,1477,92158,50275,83232,75715,28186,7148,2237,751,325,161,300
578,Hotaru no Haka,8.51,"Drama, Historical",Grave of the Fireflies,ÇŒ_â‹âÜ‹¨Œ¢Ò,Movie,1,16-Apr-88,Unknown,Unknown,"ADV Films, Central Park Media, Sentai Filmworks",Studio Ghibli,Novel,1 hr. 28 min.,PG-13 - Teens 13 or older,99,293,438214,5407,5927,328347,2713,1249,99978,79553,69811,61996,30066,11694,4975,2350,953,539,845
31933,JoJo no Kimyou na Bouken Part 4: Diamond wa Kudakenai,8.51,"Action, Adventure, Comedy, Supernatural, Drama, Shounen",JoJo's Bizarre Adventure:Diamond is Unbreakable,‹âü‹Ä¤‹âü‹Ä¤‹¨Œ´àŒ_ª‹»Œ Õª¼ ‹ÄÛ‹â_‹Ä_‹Ä¢‹Ä_‹Ää‹øÊ¥‹Ô‹»‹ã,TV,39,"Apr 2, 2016 to Dec 24, 2016",Spring 2016,"Warner Bros. Japan, KlockWorx, Medicos Entertainment, Shueisha",VIZ Media,David Production,Manga,23 min. per ep.,R - 17+ (violence & profanity),100,163,625022,23817,43581,494738,11163,6220,69320,91038,134652,116573,49403,14017,4652,2012,788,498,1215
32,Neon Genesis Evangelion: The End of Evangelion,8.51,"Sci-Fi, Dementia, Psychological, Drama, Mecha",Neon Genesis Evangelion:The End of Evangelion,¾Ğ¡ŠüĞ«Û‹â¬‹Ä«‹âÁ‹Ä_‹â_‹Ä»‹â»‹Ä_Œ_àŒÊ«äö THE END OF EVANGELION,Movie,1,19-Jul-97,Unknown,"TV Tokyo, Toei Animation, Kadokawa Shoten, Movic, Sega, TV Tokyo Music, Audio Tanaka",Manga Entertainment,"Gainax, Production I.G",Original,1 hr. 27 min.,R+ - Mild Nudity,102,195,572080,17811,8055,482918,2462,1499,77146,127081,95821,77593,41261,16444,7057,4493,2279,1941,2264
30484,Steins;Gate 0,8.51,"Sci-Fi, Thriller",Steins;Gate 0,‹âá‹Ä´‹âÀ‹â_‹Ä_‹â¼‹ÄÈ‹â_‹Ä_‹Äö ‹â_‹Ä_,TV,23,"Apr 12, 2018 to Sep 27, 2018",Spring 2018,"Frontier Works, Media Factory, Kadokawa Shoten, Movic",Funimation,White Fox,Visual novel,23 min. per ep.,PG-13 - Teens 13 or older,103,185,590847,8947,60432,294077,19978,12481,203879,75008,78748,60153,28459,11127,4925,3211,1533,811,1254
39587,Re:Zero kara Hajimeru Isekai Seikatsu 2nd Season,8.5,"Psychological, Drama, Thriller, Fantasy",Re:ZERO -Starting Life in Another World- Season 2,Re•__‹â_‹Ä_‹Ü‹âäŒ¤Ü‹â‹âÜ¥¡ŠüĞ¥ÎÓÙ¾«È,TV,13,"Jul 8, 2020 to Sep 30, 2020",Summer 2020,"AT-X, Memory-Tech, Hakuhodo DY Music & Pictures, Kadokawa Media House, Kadokawa",Unknown,White Fox,Light novel,26 min. per ep.,R - 17+ (violence & profanity),104,169,614588,10010,97949,330007,10285,4982,171365,65194,97134,82472,34275,10604,3754,1875,790,438,694
205,Samurai Champloo,8.5,"Action, Adventure, Comedy, Historical, Samurai, Shounen",Samurai Champloo,‹âµ‹ÄÊ‹Ä©‹â_‹Ä‹Ä£‹Ä_‹ÄÑ‹ÄÇ‹Ä_,TV,26,"May 20, 2004 to Mar 19, 2005",Spring 2004,"Victor Entertainment, Fuji TV, Barnum Studio, Tokuma Shoten, flying DOG","Funimation, Geneon Entertainment USA",Manglobe,Original,24 min. per ep.,R - 17+ (violence & profanity),105,86,892196,29414,59611,551621,45449,19921,215594,104898,146580,132652,62330,17685,6462,1984,768,348,932
11577,Steins;Gate Movie: Fuka Ryouiki no DÌ©jÌÊ vu,8.5,"Sci-Fi, Drama",Steins;Gate:The Movie ‰öÕ Load Region of DÌ©jÌÊ Vu,Œ_àŒÊ«äö ‹âá‹Ä´‹âÀ‹â_‹Ä_‹â¼‹â_‹Ä_‹Äö _ÊáÊ÷ŒÙÙ‹¨‹Äà‹âü‹Ä£‹Ä«,Movie,1,20-Apr-13,Unknown,"Frontier Works, Media Factory, Movic, AT-X, Kadokawa Pictures Japan, MAGES.",Funimation,White Fox,Visual novel,1 hr. 30 min.,PG-13 - Teens 13 or older,106,288,446967,2275,6960,339621,2546,1018,96822,63370,83098,69984,32171,10369,3911,1604,628,310,690
36999,Zoku Owarimonogatari,8.5,"Mystery, Comedy, Supernatural, Vampire",Unknown,¦_‹ÄÈµâä©»_,Movie,6,10-Nov-18,Unknown,"Aniplex, Kodansha",Unknown,Shaft,Light novel,28 min. per ep.,R - 17+ (violence & profanity),107,1012,146843,722,5104,77404,1626,539,62170,13416,19681,18272,7123,1972,633,237,103,59,420
37208,Mo Dao Zu Shi,8.5,"Action, Adventure, Mystery, Historical, Supernatural",Unknown,_ÓÒ´ĞŒüö,ONA,15,"Jul 9, 2018 to Oct 6, 2018",Unknown,Tencent Penguin Pictures,Unknown,B.CMAY PICTURES,Novel,24 min. per ep.,R - 17+ (violence & profanity),107,1122,131604,4337,12201,49180,3913,3984,62326,11634,10984,10183,5110,1796,842,357,163,108,455
33,Kenpuu Denki Berserk,8.49,"Action, Adventure, Demons, Drama, Fantasy, Horror, Military, Romance, Seinen, Supernatural",Berserk,Œä£¢¬Š_Œ´à‹Äª‹ÄÇ‹âÈ‹ÄÇ‹âø,TV,25,"Oct 8, 1997 to Apr 1, 1998",Fall 1997,"VAP, Hakusensha, Nippon Television Network","Media Blasters, NYAV Post",OLM,Manga,25 min. per ep.,R+ - Mild Nudity,108,301,432190,18567,19540,276588,12737,9406,113919,58627,65906,60815,29055,9477,3899,1748,671,456,842
32182,Mob Psycho 100,8.49,"Action, Slice of Life, Comedy, Supernatural",Mob Psycho 100,‹Ä¢‹ÄĞ‹âµ‹â_‹â_100,TV,12,"Jul 11, 2016 to Sep 27, 2016",Summer 2016,"Warner Bros. Japan, KlockWorx, BS Fuji, Hakuhodo DY Music & Pictures, Shogakukan","Funimation, Crunchyroll",Bones,Web manga,24 min. per ep.,PG-13 - Teens 13 or older,109,40,1255830,27971,68041,942402,26125,19213,200049,134872,258189,248934,89592,20530,7113,2553,959,497,1112
10165,Nichijou,8.48,"Slice of Life, Comedy, School, Shounen",Nichijou - My Ordinary Life,¾Ñ´Œüü,TV,26,"Apr 3, 2011 to Sep 25, 2011",Spring 2011,"Lantis, Kadokawa Shoten, Movic, Rakuonsha, Kadokawa Pictures Japan, KlockWorx, Animation Do","Funimation, Bandai Entertainment",Kyoto Animation,Manga,23 min. per ep.,PG-13 - Teens 13 or older,111,153,647924,18399,66565,289512,49302,25096,217449,64071,75349,71853,36292,12654,5875,2311,1045,548,932
437,Perfect Blue,8.48,"Dementia, Drama, Horror, Psychological",Perfect Blue,‹ÄÔ‹Ä_‹Ä¥‹â¤‹âø‹Äö‹ÄĞ‹ÄÇ‹Ä_,Movie,1,28-Feb-98,Unknown,Rex Entertainment,"GKIDS, Manga Entertainment",Madhouse,Novel,1 hr. 20 min.,R+ - Mild Nudity,112,342,393287,9942,7418,256041,2456,1015,126357,50252,64305,54953,24495,8157,2979,1307,497,339,644
34612,Saiki Kusuo no ë¬-nan 2,8.48,"Slice of Life, Comedy, Supernatural, School, Shounen",The Disastrous Life of Saiki K. 2,¾Ğä¾Ï¬¾´Êİã‹¨ë¬İ£ 2,TV,24,"Jan 17, 2018 to Jun 27, 2018",Winter 2018,"TV Tokyo, Shogakukan-Shueisha Productions, Nippon Columbia, KlockWorx, Asmik Ace, Bandai Namco Entertainment, Shueisha, Toy's Factory, Dear Stage inc.",Unknown,"J.C.Staff, Egg Firm",Manga,24 min. per ep.,PG-13 - Teens 13 or older,113,388,349764,3022,27547,251764,7104,3802,59547,39649,63901,62516,26966,6826,2195,563,207,98,458
36885,Saenai Heroine no Sodatekata Fine,8.48,"Harem, Comedy, Romance, Ecchi, School",Unknown,Œ «‹ö‹»‹ãŒ__Œ´_‹¨â_‹_‹Ü‹Ù Fine,Movie,1,26-Oct-19,Unknown,Unknown,Unknown,CloverWorks,Light novel,1 hr. 54 min.,PG-13 - Teens 13 or older,113,1567,87828,1132,3366,33368,1016,358,49720,6429,8046,7633,3395,1046,393,118,62,27,112
16498,Shingeki no Kyojin,8.48,"Action, Military, Mystery, Super Power, Drama, Fantasy, Shounen",Attack on Titan,Û_¾ÕÄ‹¨Œá¬Š¼¼,TV,25,"Apr 7, 2013 to Sep 29, 2013",Spring 2013,"Production I.G, Dentsu, Mainichi Broadcasting System, Pony Canyon, Kodansha, Mad Box, Pony Canyon Enterprise",Funimation,Wit Studio,Manga,24 min. per ep.,R - 17+ (violence & profanity),115,2,2531397,129844,140753,2182587,37345,44635,126077,470882,514879,459113,220228,70768,31141,11805,4637,2707,4939
31181,Owarimonogatari,8.46,"Mystery, Comedy, Supernatural, Vampire",Owarimonogatari,µâä©»_,TV,12,"Oct 4, 2015 to Dec 20, 2015",Fall 2015,Aniplex,Aniplex of America,Shaft,Light novel,26 min. per ep.,R - 17+ (violence & profanity),116,379,356371,2296,17490,218734,7659,3885,108603,32955,55097,54421,21077,5590,1898,726,288,168,588
39547,Yahari Ore no Seishun Love Comedy wa Machigatteiru. Kan,8.46,"Slice of Life, Comedy, Drama, Romance, School",My Teen Romantic Comedy SNAFU Climax!,‹âã‹ø‹â_ŠÀ¼‹¨Õ¾÷´‹Ä©‹ÄĞ‹â_‹ÄÁ‹ø‹_‹Á‹Î‹£‹_‹ã‹âÜ‹ÛâŒ¨Î,TV,12,"Jul 10, 2020 to Sep 25, 2020",Summer 2020,"Marvelous, TBS, Movic, Delfi Sound, NBCUniversal Entertainment Japan",Sentai Filmworks,feel.,Light novel,24 min. per ep.,PG-13 - Teens 13 or older,117,343,390621,12632,49455,199414,7847,4490,129415,43396,53237,46662,22079,7627,3011,1441,647,280,597
40059,Golden Kamuy 3rd Season,8.46,"Action, Adventure, Historical, Seinen",Golden Kamuy Season 3,‹â«‹Ä_‹ÄÇ‹Äà‹Ä_‹âÇ‹ÄÊ‹â_,TV,12,"Oct 5, 2020 to Dec 21, 2020",Fall 2020,"Magic Capsule, NBCUniversal Entertainment Japan, Twin Engine",Funimation,Geno Studio,Manga,23 min. per ep.,R - 17+ (violence & profanity),118,1736,75226,541,10711,32912,1117,398,30088,4685,10036,10245,3297,692,183,60,21,6,90
24687,Mushishi Zoku Shou: Odoro no Michi,8.46,"Adventure, Fantasy, Historical, Mystery, Seinen, Slice of Life, Supernatural",Mushishi Path of Thorns,Ù_ŒüÇ ¦_ÇÊ,Special,1,20-Aug-14,Unknown,"Aniplex, Kodansha, Delfi Sound",Aniplex of America,Artland,Manga,47 min.,PG-13 - Teens 13 or older,119,1713,77296,117,1537,51111,679,339,23630,8291,11223,11587,4836,1278,400,95,37,29,364
877,Nana,8.46,"Music, Slice of Life, Comedy, Drama, Romance, Shoujo",Nana,NANA [‹Ä_‹Ä_],TV,47,"Apr 5, 2006 to Mar 28, 2007",Spring 2006,"VAP, Nippon Television Network, Shueisha",VIZ Media,Madhouse,Manga,23 min. per ep.,R+ - Mild Nudity,120,328,403296,16944,26741,185800,22031,18693,150031,44387,41543,36929,22709,9561,4593,1978,760,513,880
33255,Saiki Kusuo no ë¬-nan,8.45,"Comedy, School, Shounen, Slice of Life, Supernatural",The Disastrous Life of Saiki K.,¾Ğä¾Ï¬¾´Êİã‹¨ë¬İ£,TV,120,"Jul 4, 2016 to Dec 26, 2016",Summer 2016,"TV Tokyo, Shogakukan-Shueisha Productions, Pony Canyon, Nippon Columbia, KlockWorx, Asmik Ace, Bandai Namco Entertainment, Shueisha, Toy's Factory, Dear Stage inc.",Funimation,"J.C.Staff, Egg Firm",Manga,5 min. per ep.,PG-13 - Teens 13 or older,121,183,591140,15437,62788,365729,26700,17840,118083,61107,94386,98747,46186,13196,5053,1727,685,350,692
36649,Banana Fish,8.45,"Action, Adventure, Drama, Shoujo",Unknown,BANANA FISH,TV,24,"Jul 6, 2018 to Dec 21, 2018",Summer 2018,"Aniplex, Dentsu, Movic, Fuji TV, Shogakukan",Unknown,MAPPA,Manga,22 min. per ep.,R - 17+ (violence & profanity),121,323,415468,15886,44855,185959,19880,18821,145953,48138,43637,41197,21802,8738,3938,1851,723,392,690
26055,JoJo no Kimyou na Bouken Part 3: Stardust Crusaders 2nd Season,8.45,"Action, Adventure, Supernatural, Drama, Shounen",JoJo's Bizarre Adventure:Stardust Crusaders - Battle in Egypt,‹âü‹Ä¤‹âü‹Ä¤‹¨Œ´àŒ_ª‹»Œ Õª¼ ‹â_‹âÀ‹Ä_‹ÄÛ‹â_‹Äö‹âø‹ÄÇ‹âÈ‹â_‹ÄÛ‹Ä_‹â_,TV,24,"Jan 10, 2015 to Jun 20, 2015",Winter 2015,"Yomiko Advertising, Warner Bros. Japan, Kamikaze Douga, KlockWorx, Shueisha",VIZ Media,David Production,Manga,23 min. per ep.,R - 17+ (violence & profanity),122,159,641298,13852,21449,555181,5258,3162,56248,98315,131812,131420,59310,16576,5302,1933,786,360,1006
37965,Kaze ga Tsuyoku Fuiteiru,8.45,"Comedy, Sports, Drama",Run with the Wind,¢¬‹ÎŒ_á‹Œ_‹ã‹_‹ã‹âÜ,TV,23,"Oct 3, 2018 to Mar 27, 2019",Fall 2018,"Movic, Nippon Television Network, TOHO animation, Toy's Factory, Cygames, Yomiuri Shimbun",Sentai Filmworks,Production I.G,Novel,23 min. per ep.,PG-13 - Teens 13 or older,122,762,196221,4163,20339,102342,7689,6061,59790,17251,27290,27038,12495,3710,1469,447,147,67,400
467,Koukaku Kidoutai: Stand Alone Complex,8.45,"Action, Military, Sci-Fi, Police, Mecha, Seinen",Ghost in the Shell:Stand Alone Complex,¾ÓÈ¾¨È¾©ÙŒÜ¥__ STAND ALONE COMPLEX,TV,26,"Oct 1, 2002 to Oct 1, 2003",Fall 2002,"Bandai Visual, Dentsu, Victor Entertainment, Animax, Kodansha, Trilogy Future Studio, Tokuma Shoten, Nippon Television Network","Bandai Entertainment, Manga Entertainment",Production I.G,Manga,25 min. per ep.,R - 17+ (violence & profanity),123,419,326394,8128,17464,170891,16008,8338,113693,29445,43456,39801,18990,5867,2595,937,377,193,556
5028,Major S5,8.45,"Comedy, Drama, Romance, Shounen, Sports",Unknown,‹ÄÁ‹âü‹Ä£‹Ä_,TV,25,"Jan 10, 2009 to Jun 27, 2009",Winter 2009,NHK,Unknown,SynergySP,Manga,24 min. per ep.,PG-13 - Teens 13 or older,124,2070,57160,586,1643,44811,676,652,9378,7365,10054,9734,4486,1267,448,112,59,36,381
35851,Sayonara no Asa ni Yakusoku no Hana wo Kazarou,8.45,"Drama, Fantasy",Maquia:When the Promised Flower Blooms,‹¥‹âö‹»‹âä‹¨¾Ï‹Ç«ã¾Ù‹¨_±‹âÕ‹Ü‹Ğ‹â‹ ,Movie,1,24-Feb-18,Unknown,"Bandai Visual, Lantis, Rakuonsha, Showgate, Hakuhodo DY Music & Pictures, Cygames","Eleven Arts, Shout! Factory",P.A. Works,Original,1 hr. 55 min.,PG-13 - Teens 13 or older,126,595,244902,4475,8870,124565,2284,796,108387,27639,29844,25288,12756,4862,2026,967,387,187,279
392,Yuu‰÷ Yuu‰÷ Hakusho,8.45,"Action, Comedy, Demons, Supernatural, Martial Arts, Shounen",Yu Yu Hakusho:Ghost Files,Œ__‰÷ _‰÷ ª_¾İü,TV,112,"Oct 10, 1992 to Jan 7, 1995",Fall 1992,"Yomiko Advertising, Fuji TV",Funimation,Studio Pierrot,Manga,24 min. per ep.,PG-13 - Teens 13 or older,127,257,475397,17768,48404,255542,38905,18135,114411,53772,64137,67564,35884,10733,3923,1089,424,186,509
25777,Shingeki no Kyojin Season 2,8.45,"Action, Military, Mystery, Super Power, Drama, Fantasy, Shounen",Attack on Titan Season 2,Û_¾ÕÄ‹¨Œá¬Š¼¼ Season2,TV,12,"Apr 1, 2017 to Jun 17, 2017",Spring 2017,"Production I.G, Dentsu, Mainichi Broadcasting System, Pony Canyon, Kodansha, Techno Sound, Pony Canyon Enterprise",Funimation,Wit Studio,Manga,24 min. per ep.,R - 17+ (violence & profanity),128,16,1591506,18262,72638,1337762,15022,12637,153447,239823,308956,304020,135241,38504,12841,5160,1716,839,1804
21899,Gintama: Yorinuki Gintama-san on Theater 2D,8.44,"Action, Sci-Fi, Comedy, Historical, Parody, Samurai, Shounen",Unknown,_Û_â ‹âö‹â_‹Â‹_Û_â‹¥‹âÒ‹â»‹Ä_‹âá‹â¢‹âÀ‹Ä_2D,Movie,2,26-Aug-12,Unknown,Unknown,Unknown,Sunrise,Manga,1 hr. 36 min. per ep.,PG-13 - Teens 13 or older,130,2882,31786,50,939,17981,512,476,11878,3801,2629,2830,1496,479,216,60,36,74,413
42984,Gotcha!,8.44,"Music, Fantasy",Unknown,GOTCHA!,Music,1,29-Sep-20,Unknown,Unknown,Unknown,Bones,Game,3 min.,PG - Children,131,4280,14082,155,200,12572,40,57,1213,2926,2329,2379,1266,478,215,64,19,11,90
5205,Kara no Kyoukai 7: Satsujin Kousatsu (Go),8.44,"Action, Mystery, Supernatural, Romance, Thriller",the Garden of sinners Chapter 7:Murder Speculation Part B,Œ_àŒÊ«äö ©¼‹¨Œ¢Ä¥Î the Garden of sinners ÂÂŠüÄÇÊ‹Û_¾¨¼Š¼¼ÛÄŒøÙ•_öŒ_Î•_ä‹Û,Movie,1,8-Aug-09,Unknown,Notes,Aniplex of America,ufotable,Light novel,2 hr. 1 min.,R - 17+ (violence & profanity),132,902,165332,1875,3008,116229,1581,582,43932,20101,28278,24097,10833,3727,1475,671,307,160,445
11981,Mahou Shoujo Madoka‰÷ÉMagica Movie 3: Hangyaku no Monogatari,8.44,"Mystery, Psychological, Drama, Magic, Thriller",Puella Magi Madoka Magica the Movie:Rebellion,Œ_àŒÊ«äö _Ó¾_¥Œ¡ÔŒ´_‹_‹©‹Ü‰÷ ‹Ä_‹â¨‹âÇ ŒİÛ ‹¨ä©»_,Movie,1,26-Oct-13,Unknown,"Aniplex, Mainichi Broadcasting System, Movic, Nitroplus, Houbunsha",Aniplex of America,Shaft,Original,1 hr. 56 min.,PG-13 - Teens 13 or older,133,490,287972,8796,4222,220045,2003,1033,60669,48733,47740,39369,19849,7796,3402,2097,1106,578,822
31646,3-gatsu no Lion,8.43,"Drama, Game, Seinen, Slice of Life",March comes in like a lion,3¾Ïö‹¨‹Ä©‹â_‹â»‹Ä_,TV,22,"Oct 8, 2016 to Mar 18, 2017",Fall 2016,"Aniplex, Dentsu, NHK, Hakusensha, Asmik Ace, Toy's Factory",Aniplex of America,Shaft,Manga,25 min. per ep.,PG-13 - Teens 13 or older,134,280,461713,11242,45681,208655,25613,15817,165947,35490,59173,57177,24864,8207,3519,1304,514,285,666
14397,Chihayafuru 2,8.43,"Drama, Game, Josei, School, Slice of Life, Sports",Unknown,‹Á‹ø‹âã‹µ‹âÜ 2,TV,25,"Jan 12, 2013 to Jun 29, 2013",Winter 2013,"VAP, Nippon Television Network",Sentai Filmworks,Madhouse,Manga,22 min. per ep.,PG-13 - Teens 13 or older,135,816,183624,1604,7494,127828,4564,2714,41024,17820,33339,32170,13341,3794,1305,317,145,68,396
5941,Cross Game,8.43,"Comedy, Drama, Romance, School, Shounen, Sports",Cross Game,‹âø‹Ä_‹â_‹â_‹Ä_‹ÄÊ,TV,50,"Apr 5, 2009 to Mar 28, 2010",Spring 2009,"TV Tokyo, Shogakukan-Shueisha Productions",Unknown,SynergySP,Manga,23 min. per ep.,PG-13 - Teens 13 or older,136,1392,100414,2732,5263,48400,4078,3464,39209,9244,12389,11168,5872,2094,893,375,133,84,365
37999,Kaguya-sama wa Kokurasetai: Tensai-tachi no Renai Zunousen,8.43,"Comedy, Psychological, Romance, School, Seinen",Kaguya-sama:Love is War,‹Ü‹‹âã¾¤÷‹øŒÔ_‹âä‹İ‹Ù‹ã•__Œ_©¾ä‹Ù‹Á‹¨¾Ü¾ãİÊ_ã_¾ö_•__,TV,12,"Jan 12, 2019 to Mar 30, 2019",Winter 2019,"Aniplex, Mainichi Broadcasting System, Magic Capsule, Shueisha, JR East Marketing & Communications",Aniplex of America,A-1 Pictures,Manga,25 min. per ep.,PG-13 - Teens 13 or older,137,83,925543,22277,69272,678999,17761,15500,144011,96017,183588,189198,72839,18112,6419,2286,856,521,1242
38889,Kono Oto Tomare! 2nd Season,8.43,"Drama, Music, Romance, School, Shounen",Kono Oto Tomare!:Sounds of Life Season 2,‹Ò‹¨Ù_‹¬‹_‹âÎ•_,TV,13,"Oct 6, 2019 to Dec 29, 2019",Fall 2019,"WOWOW, Movic, KlockWorx, Memory-Tech, King Records, Shueisha, Pony Canyon Enterprise",Funimation,Platinum Vision,Manga,23 min. per ep.,PG-13 - Teens 13 or older,138,1628,82333,974,5436,53424,1539,996,20938,8295,12931,13723,5938,1542,611,143,45,25,112
38450,Mo Dao Zu Shi 2nd Season,8.43,"Action, Mystery, Historical, Supernatural",Unknown,_ÓÒ´ĞŒüö ÂÂŠ¼ÎŒ_£,ONA,8,"Aug 3, 2019 to Sep 21, 2019",Unknown,Tencent Penguin Pictures,Unknown,B.CMAY PICTURES,Novel,24 min. per ep.,PG-13 - Teens 13 or older,139,2158,53802,854,4318,28268,932,595,19689,5736,5982,6187,3087,948,320,104,51,30,205
10162,Usagi Drop,8.43,"Slice of Life, Josei",Bunny Drop,‹ ‹¥‹_‹Ää‹Ä_‹ÄÄ‹ÄÑ,TV,11,"Jul 8, 2011 to Sep 16, 2011",Summer 2011,"Fuji TV, Tohokushinsha Film Corporation, Sony Music Entertainment, Sakura Create, Fujipacific Music","NIS America, Inc.",Production I.G,Manga,22 min. per ep.,PG-13 - Teens 13 or older,140,339,391626,5760,14382,241673,8866,5467,121238,35965,63871,60718,27282,7426,2415,643,233,149,559
9989,Ano Hi Mita Hana no Namae wo Bokutachi wa Mada Shiranai.,8.42,"Slice of Life, Supernatural, Drama",anohana:The Flower We Saw That Day,‹â‹¨¾Ñ´_Ü‹Ù_±‹¨ŒŒä‹âÕŒÄ¥Ó‹ø‹_‹ÊÙ´‹âä‹»‹ã‹Ûâ,TV,11,"Apr 15, 2011 to Jun 24, 2011",Spring 2011,"Aniplex, Dentsu, Fuji TV, Fujipacific Music","NIS America, Inc., Aniplex of America",A-1 Pictures,Original,22 min. per ep.,PG-13 - Teens 13 or older,141,53,1157747,30271,35807,870583,18891,13348,219118,176359,203566,178616,92377,34330,14692,6576,2788,1379,1811
136,Hunter x Hunter,8.42,"Action, Adventure, Super Power, Fantasy, Shounen",Hunter x Hunter,HUNTERÌÑHUNTER•_ö‹Ä‹Ä_‹âÀ‹Ä_ÌÑ‹Ä‹Ä_‹âÀ‹Ä_•_ä,TV,62,"Oct 16, 1999 to Mar 31, 2001",Fall 1999,Fuji TV,VIZ Media,Nippon Animation,Manga,23 min. per ep.,PG-13 - Teens 13 or older,143,319,416227,9525,28061,260968,15535,15100,96563,47419,54430,58285,30731,9392,3638,1134,429,258,756
2251,Baccano!,8.42,"Action, Comedy, Historical, Mystery, Supernatural",Baccano!,‹Ä‹ÄÄ‹âÇ‹Ä_‹Ä_•_,TV,13,"Jul 27, 2007 to Nov 2, 2007",Summer 2007,"Aniplex, Sakura Create, Happinet Pictures","Funimation, Aniplex of America",Brain's Base,Light novel,24 min. per ep.,R - 17+ (violence & profanity),143,127,714937,21857,35182,364241,30266,18291,266957,66252,96956,84546,41611,14305,6216,2578,994,512,922
2246,Mononoke,8.42,"Mystery, Historical, Horror, Demons, Psychological, Supernatural, Fantasy, Seinen",Mononoke,‹Ä¢‹Ä_‹Ä_¾Û»,TV,12,"Jul 13, 2007 to Sep 28, 2007",Summer 2007,Fuji TV,Flatiron Film Company,Toei Animation,Original,22 min. per ep.,R - 17+ (violence & profanity),144,688,215972,5686,13887,71537,9166,4855,116527,15608,17249,16462,8401,3169,1245,598,228,141,501
22789,Barakamon,8.41,"Comedy, Slice of Life",Barakamon,‹¡‹âä‹Ü‹ââ‹âÒ,TV,12,"Jul 6, 2014 to Sep 28, 2014",Summer 2014,"VAP, Nippon Television Network",Funimation,Kinema Citrus,Web manga,22 min. per ep.,PG-13 - Teens 13 or older,145,235,503396,10827,24117,325820,14336,8036,131087,46763,82531,85413,37360,9698,3035,713,261,144,448
32366,Gintamaå¡: Aizome Kaori-hen,8.41,"Comedy, Parody",Unknown,_Û_â‹ÛÛ¾ãİ¾ÙÒ_ªøà,OVA,2,"Aug 4, 2016 to Nov 4, 2016",Unknown,"TV Tokyo, Dentsu",Unknown,Bandai Namco Pictures,Manga,26 min. per ep.,PG-13 - Teens 13 or older,146,2020,59412,142,2575,40704,730,490,14913,8129,7184,8414,4323,1229,438,181,78,44,437
37105,Grand Blue,8.41,"Slice of Life, Comedy, Seinen",Grand Blue Dreaming,‹‹âä‹âÒ‹¦‹âÜ,TV,12,"Jul 14, 2018 to Sep 29, 2018",Summer 2018,"Mainichi Broadcasting System, Kodansha, NBCUniversal Entertainment Japan, Avex Pictures, Q-Tec, JR East Marketing & Communications, GYAO!",Unknown,Zero-G,Manga,24 min. per ep.,PG-13 - Teens 13 or older,147,317,421403,9848,29044,263651,10754,12853,105101,46690,66063,65181,29828,9655,4033,1878,890,488,688
35557,Houseki no Kuni (TV),8.41,"Action, Drama, Fantasy, Mystery, Seinen",Land of the Lustrous,Œ¨Ù_‹¨Œİ_,TV,12,"Oct 7, 2017 to Dec 23, 2017",Fall 2017,"Mainichi Broadcasting System, Kodansha, Movic, AT-X, TOHO animation, Tokyo MX, Q-Tec, Kyoraku Industrial Holdings, BS11",Sentai Filmworks,Orange,Manga,24 min. per ep.,PG-13 - Teens 13 or older,148,462,304278,8732,18243,156415,7417,6852,115351,24945,42290,39029,17009,5339,2158,881,367,191,535
36538,Natsume Yuujinchou Movie: Utsusemi ni Musubu,8.41,"Demons, Drama, Shoujo, Slice of Life, Supernatural",Natsume Yujin-cho the Movie:Ephemeral Bond,Œ_àŒÊ«äö Œ_İ¨ŒÜŠ¼¼Œü_ •__‹ ‹_‹İ‹À‹Çµ‹¦•__,Movie,1,29-Sep-18,Unknown,Aniplex,Aniplex of America,Shuka,Manga,1 hr. 44 min.,PG-13 - Teens 13 or older,149,2393,45120,171,1329,19000,440,214,24137,2942,4029,4461,1929,598,130,34,14,16,102
36275,Natsume Yuujinchou Roku Specials,8.4,"Slice of Life, Demons, Supernatural, Drama, Shoujo",Unknown,Œ_İ¨ŒÜŠ¼¼Œü_ ªü ä_Œö´á¬,Special,2,"Sep 27, 2017 to Oct 25, 2017",Unknown,NAZ,Unknown,Shuka,Manga,23 min. per ep.,PG-13 - Teens 13 or older,150,2868,32238,65,1462,19679,516,232,10349,2955,3593,4307,1958,458,147,35,14,13,229
38826,Tenki no Ko,8.41,"Slice of Life, Drama, Romance, Fantasy",Weathering With You,Œ_©¾¡Ñ‹¨Œ_,Movie,1,19-Jul-19,Unknown,"Toho, Lawson HMV Entertainment, JR East Marketing & Communications, Kadokawa, voque ting, STORY, Lawson Entertainment",GKIDS,CoMix Wave Films,Original,1 hr. 54 min.,PG-13 - Teens 13 or older,150,259,475388,7613,13184,319958,2760,713,138773,56907,78340,74467,36015,11251,4012,1643,613,320,701
39741,Violet Evergarden Gaiden: Eien to Jidou Shuki Ningyou,8.4,"Slice of Life, Drama, Fantasy",Violet Evergarden I:Eternity and the Auto Memory Doll,‹Ä«‹âÁ‹â_‹â»‹ÄÂ‹ÄÄ‹Äö‹ÄÈ‹â¬‹Ä«‹âÁ‹Ä_‹âÂ‹Ä_‹Äà‹Ä_ Œ_ĞŠ_ -¾¡üÊ‹¬à»ŒÜ¥¾äÜ¬÷Š¼¼Œ_¢-,Movie,1,6-Sep-19,Unknown,Shochiku,Funimation,Kyoto Animation,Light novel,1 hr. 31 min.,PG-13 - Teens 13 or older,152,824,184398,716,4185,122317,1309,389,56198,18574,28293,30411,13285,3582,1084,353,116,46,216
10030,Bakuman. 2nd Season,8.4,"Comedy, Drama, Romance, Shounen",Bakuman.,‹Ä‹âø‹Ä_‹Ä_‹Ûâ2nd‹âá‹Ä_‹â¼‹Ä_,TV,25,"Oct 1, 2011 to Mar 24, 2012",Fall 2011,"NHK, Shueisha",Media Blasters,J.C.Staff,Manga,24 min. per ep.,PG-13 - Teens 13 or older,153,488,289356,1380,9715,220954,6474,3764,48449,32226,52496,56133,24916,6780,2260,608,228,112,415
777,Hellsing Ultimate,8.4,"Action, Military, Horror, Supernatural, Vampire, Seinen",Hellsing Ultimate,HELLSING OVA,OVA,10,"Feb 10, 2006 to Dec 26, 2012",Unknown,"Geneon Universal Entertainment, StudioRF Inc., Shounen Gahousha","Funimation, Geneon Entertainment USA","Madhouse, Satelight, Graphinica",Manga,50 min. per ep.,R - 17+ (violence & profanity),154,143,676023,18134,61371,406085,35477,17217,155873,84495,100315,94259,49044,16994,6719,3006,1217,611,886
572,Kaze no Tani no NausicaÌ_,8.4,"Adventure, Fantasy",NausicaÌ_ of the Valley of the Wind,¢¬‹¨¡á‹¨‹Ä_‹â_‹âá‹âÇ,Movie,1,11-Mar-84,Unknown,Unknown,"Walt Disney Studios, GKIDS",Topcraft,Manga,1 hr. 57 min.,PG-13 - Teens 13 or older,155,513,278500,3949,3082,224406,1530,786,48696,41375,47405,48056,25557,8027,2985,1002,316,161,397
9260,Kizumonogatari I: Tekketsu-hen,8.4,Vampire,Kizumonogatari Part 1:Tekketsu,Œâáä©»_‹Ûö‰ÉÊäãÁÛøà‹Ûä,Movie,1,8-Jan-16,Unknown,"Aniplex, Kodansha",Aniplex of America,Shaft,Light novel,1 hr. 4 min.,R - 17+ (violence & profanity),157,358,371083,2513,8131,242441,2316,1147,117048,38280,57100,59297,24598,7044,2424,1021,434,261,547
22535,Kiseijuu: Sei no Kakuritsu,8.4,"Action, Sci-Fi, Horror, Psychological, Drama, Seinen",Parasyte -the maxim-,ŒøãÓÙ£ ‹âÈ‹â_‹¨¾Ê__à,TV,24,"Oct 9, 2014 to Mar 26, 2015",Fall 2014,"VAP, Kodansha, Nippon Television Network, Forecast Communications",Sentai Filmworks,Madhouse,Manga,23 min. per ep.,R - 17+ (violence & profanity),157,39,1243239,26381,67042,942917,30302,21720,181258,138411,241783,238204,108488,30113,10354,3598,1211,587,927
40682,Kingdom 3rd Season,8.4,"Action, Historical, Military, Seinen",Unknown,‹â_‹Ä_‹â¡‹ÄÛ‹ÄÊ ÂÂ3‹âá‹Ä»‹Ä_‹â¼,TV,Unknown,"Apr 6, 2020 to ?",Spring 2020,"NHK, Shueisha",Funimation,Studio Signpost,Manga,25 min.,R - 17+ (violence & profanity),157,2579,39329,443,15360,5,2725,663,20576,1993,1773,1561,728,229,110,49,29,33,144
5,Cowboy Bebop: Tengoku no Tobira,8.39,"Action, Drama, Mystery, Sci-Fi, Space",Cowboy Bebop:The Movie,‹âÇ‹â_‹ÄÏ‹Ä_‹â_‹ÄÒ‹Ä‹ÄÄ‹ÄÑ Œ_©Œİ_‹¨¾ää,Movie,1,1-Sep-01,Unknown,"Sunrise, Bandai Visual",Sony Pictures Entertainment,Bones,Original,1 hr. 55 min.,R - 17+ (violence & profanity),159,518,273145,1174,4143,208333,1935,770,57964,30043,49201,49505,22632,5805,1877,577,221,109,379
38883,Haikyuu!!: To the Top,8.39,"Comedy, Sports, Drama, School, Shounen",Unknown,‹Ä‹â_‹â_‹Ä´‹Ä_!! TO THE TOP,TV,13,"Jan 11, 2020 to Apr 4, 2020",Winter 2020,"Dentsu, Mainichi Broadcasting System, Movic, Sony Music Entertainment, TOHO animation, Shueisha",Unknown,Production I.G,Manga,24 min. per ep.,PG-13 - Teens 13 or older,159,276,470208,4058,49196,335260,6523,1992,77237,52280,76587,89235,39556,9306,2531,704,218,112,401
17389,Kingdom 2nd Season,8.39,"Action, Military, Historical, Seinen",Kingdom:Season 2,‹â_‹Ä_‹â¡‹ÄÛ‹ÄÊ ÂÂ2‹âá‹Ä»‹Ä_‹â¼,TV,39,"Jun 8, 2013 to Mar 2, 2014",Summer 2013,NHK,Funimation,Studio Pierrot,Manga,25 min. per ep.,R - 17+ (violence & profanity),161,1675,79350,698,4223,47556,1496,1323,24752,6849,11885,11606,4776,1449,554,286,105,72,313
11979,Mahou Shoujo Madoka‰÷ÉMagica Movie 2: Eien no Monogatari,8.39,"Drama, Magic, Psychological, Thriller",Puella Magi Madoka Magica the Movie Part 2:Eternal,Œ_àŒÊ«äö _Ó¾_¥Œ¡ÔŒ´_‹_‹©‹Ü‰÷ ‹Ä_‹â¨‹âÇ ¾¡üÊ‹¨ä©»_,Movie,1,13-Oct-12,Unknown,"Aniplex, Mainichi Broadcasting System, Movic, Nitroplus, Houbunsha",Aniplex of America,Shaft,Original,1 hr. 49 min.,PG-13 - Teens 13 or older,162,912,162794,1078,2167,117551,1188,860,41028,19625,22372,22478,11019,3712,1613,544,230,188,423
40052,Great Pretender,8.38,"Action, Adventure, Mystery, Comedy, Psychological",Unknown,Unknown,ONA,23,"Jun 2, 2020 to Sep 21, 2020",Unknown,"Production I.G, Fuji TV, BS Fuji, TOHO animation, Hakuhodo DY Media Partners",Unknown,Wit Studio,Original,23 min. per ep.,R - 17+ (violence & profanity),164,520,273035,4324,53269,115973,11954,5251,86588,18057,38486,39088,16153,4521,1682,678,261,105,314
37450,Seishun Buta Yarou wa Bunny Girl Senpai no Yume wo Minai,8.38,"Comedy, Supernatural, Drama, Romance, School",Rascal Does Not Dream of Bunny Girl Senpai,Õ¾÷´‹ÄĞ‹âÀà_Ä_‹ø‹Ä‹ÄÜ‹Ä_‹âÂ‹Ä_‹ÄÇŒÉö_©‹¨Œ_¢‹âÕ_Ü‹»‹ã,TV,13,"Oct 4, 2018 to Dec 27, 2018",Fall 2018,"Aniplex, Tokyo MX, Hakuhodo DY Music & Pictures, Nagoya Broadcasting Network, BS11, ABC Animation, Kadokawa",Aniplex of America,CloverWorks,Light novel,24 min. per ep.,PG-13 - Teens 13 or older,166,78,940033,29642,69842,685665,18520,17316,148690,116903,176251,163743,76681,25671,11086,4884,2143,1069,1469
10408,Hotarubi no Mori e,8.38,"Drama, Romance, Shoujo, Supernatural",Unknown,İÇ‹¨¾Ï‹ü,Movie,1,17-Sep-11,Unknown,Aniplex,Unknown,Brain's Base,Manga,45 min.,G - All Ages,167,199,567617,8735,11681,406122,3079,822,145913,75089,85275,86761,46791,15160,5451,1885,620,333,633
9756,Mahou Shoujo Madoka‰÷ÉMagica,8.38,"Psychological, Drama, Magic, Thriller",Puella Magi Madoka Magica,_Ó¾_¥Œ¡ÔŒ´_‹_‹©‹Ü‰÷É‹Ä_‹â¨‹âÇ,TV,12,"Jan 7, 2011 to Apr 22, 2011",Winter 2011,"Aniplex, Mainichi Broadcasting System, Movic, Nitroplus, Houbunsha",Aniplex of America,Shaft,Original,24 min. per ep.,PG-13 - Teens 13 or older,168,74,971621,47610,38252,700785,24080,20994,187510,139237,159220,148247,77620,29726,13067,5995,2561,1497,2087
13601,Psycho-Pass,8.38,"Action, Sci-Fi, Police, Psychological",Psycho-Pass,‹âµ‹â_‹â_‹ÄÔ‹â_,TV,22,"Oct 12, 2012 to Mar 22, 2013",Fall 2012,"Dentsu, Fuji TV, Nitroplus, Sony Music Entertainment, TOHO animation, Kyoraku Industrial Holdings",Funimation,Production I.G,Original,23 min. per ep.,R - 17+ (violence & profanity),168,45,1211503,34920,81722,720340,53768,36300,319373,105451,185984,181642,85970,27541,11564,4209,1510,680,1063
7655,Major S6,8.38,"Comedy, Drama, Shounen, Sports",Unknown,‹ÄÁ‹âü‹Ä£‹Ä_ ÂÂ6‹âá‹Ä»‹Ä_‹â¼,TV,25,"Apr 3, 2010 to Sep 25, 2010",Spring 2010,NHK,Unknown,SynergySP,Manga,24 min. per ep.,PG-13 - Teens 13 or older,169,2246,50558,426,1705,39583,770,571,7929,6445,8138,8829,4330,1316,458,112,108,28,277
25781,Shingeki no Kyojin: Kuinaki Sentaku,8.38,"Action, Fantasy, Shoujo",Unknown,Û_¾ÕÄ‹¨Œá¬Š¼¼ ¾âÓ‹ã‹»‹ü¾__,OVA,2,"Dec 9, 2014 to Apr 9, 2015",Unknown,"Production I.G, Pony Canyon, Kodansha",Unknown,Wit Studio,Visual novel,27 min. per ep.,R - 17+ (violence & profanity),170,430,323012,1842,8023,263029,2625,996,48339,40240,51238,58642,26743,7084,2306,630,216,114,467
12029,Uchuu Senkan Yamato 2199,8.37,"Action, Military, Sci-Fi, Space, Drama",Star Blazers:Space Battleship Yamato 2199,Œ¨àŒ¨ª¾ö_ä_‹Ä_‹Ä_‹Äö2199,OVA,26,"May 25, 2012 to Oct 25, 2013",Unknown,"Production I.G, Bandai Visual, OLM, Lantis, Shochiku, Bandai, Tohokushinsha Film Corporation, Bandai Namco Games, Voyager Entertainment",Funimation,"Xebec, AIC",Original,25 min. per ep.,PG-13 - Teens 13 or older,172,1492,92324,1538,6011,36131,3433,1782,44967,6134,9600,8931,4381,1432,608,272,98,68,277
30709,Kamisama Hajimemashita: Kako-hen,8.37,"Comedy, Demons, Supernatural, Romance, Fantasy, Shoujo",Unknown,´_¾¤÷‹ø‹÷‹â‹_‹Ñ‹Ù•___Œ_Èá¬•__,OVA,4,"Aug 20, 2015 to Aug 19, 2016",Unknown,Unknown,Unknown,TMS Entertainment,Manga,30 min. per ep.,PG-13 - Teens 13 or older,172,1246,116128,877,7582,78583,2202,1103,26658,13653,13584,14491,8613,3080,1032,310,92,44,303
39535,Mushoku Tensei: Isekai Ittara Honki Dasu,8.37,"Drama, Magic, Fantasy",Mushoku Tensei:Jobless Reincarnation,ãÁáÈ¢ÓÙ •__¥¡ŠüĞ¥ÎÁÎ‹£‹Ù‹âä¾ÏÂ¾¡Ñ‹Ê‹ª•__,TV,11,"Jan 11, 2021 to ?",Winter 2021,Egg Firm,Funimation,Studio Bind,Light novel,23 min. per ep.,R - 17+ (violence & profanity),172,438,319654,5411,213381,39,2791,2584,100859,16964,22736,23164,9036,2326,983,573,319,243,856
31043,Boku dake ga Inai Machi,8.37,"Mystery, Psychological, Supernatural, Seinen",ERASED,ŒÄ¥‹Ê‹Ô‹Î‹ã‹»‹ãÁÑ,TV,12,"Jan 8, 2016 to Mar 25, 2016",Winter 2016,"Aniplex, Dentsu, Kadokawa Shoten, Fuji TV, DAX Production, Kyoraku Industrial Holdings, Kansai Telecasting, Lawson",Aniplex of America,A-1 Pictures,Manga,23 min. per ep.,R - 17+ (violence & profanity),173,29,1359119,37017,52888,1071295,15132,11609,208195,194194,259153,233952,122019,43233,16230,7930,3495,1493,1785
5081,Bakemonogatari,8.36,"Romance, Supernatural, Mystery, Vampire",Bakemonogatari,ŒÎĞä©»_,TV,15,"Jul 3, 2009 to Jun 25, 2010",Summer 2009,"Aniplex, Kodansha",Aniplex of America,Shaft,Light novel,24 min. per ep.,R - 17+ (violence & profanity),174,61,1063666,41236,73863,664200,46545,34505,244553,116975,166248,158048,75858,26751,12150,5722,2625,1490,2116
5341,Ookami to Koushinryou II,8.36,"Adventure, Historical, Romance, Fantasy",Spice and Wolf II,Ü_‹¬_ª_İ¾ĞªII,TV,12,"Jul 9, 2009 to Sep 24, 2009",Summer 2009,"Imagin, flying DOG",Funimation,"Brain's Base, Marvy Jack",Light novel,24 min. per ep.,PG-13 - Teens 13 or older,175,336,395939,4156,12892,284885,8990,4285,84887,42806,66239,67891,33544,10069,3435,1131,346,162,423
6594,Katanagatari,8.36,"Action, Adventure, Historical, Martial Arts, Romance",Katanagatari,ŒöÛ»_,TV,12,"Jan 26, 2010 to Dec 11, 2010",Winter 2010,"Aniplex, Lantis, Kodansha, Movic, Fuji TV","NIS America, Inc.",White Fox,Light novel,50 min. per ep.,R - 17+ (violence & profanity),175,291,442694,9798,33832,201975,22243,13031,171613,35184,51306,48435,24984,8948,3675,1615,617,313,635
10937,Mobile Suit Gundam: The Origin,8.36,"Action, Mecha, Military, Sci-Fi, Shounen, Space",Mobile Suit Gundam:The Origin,¾©ÙŒÜ¥¾ö_Œ£Ç‹âÂ‹Ä_‹ÄÛ‹ÄÊTHE ORIGIN,OVA,6,"Feb 28, 2015 to May 5, 2018",Unknown,Sotsu,NYAV Post,Sunrise,Manga,1 hr. 11 min. per ep.,R+ - Mild Nudity,176,2224,51377,594,8900,18361,2780,816,20520,3148,6058,5882,2462,716,259,140,56,35,234
12531,Sakamichi no Apollon,8.36,"Drama, Josei, Music, Romance, School",Kids on the Slope,ŒâÒ‹¨‹â¢‹Ä‹Ä_‹Ä_,TV,12,"Apr 13, 2012 to Jun 29, 2012",Spring 2012,"Dentsu, Fuji TV, Toho, DAX Production, Sony Music Entertainment",Sentai Filmworks,"Tezuka Productions, MAPPA",Manga,22 min. per ep.,PG-13 - Teens 13 or older,176,494,284901,5914,11918,159591,7785,5322,100285,25513,40867,39221,19232,6288,2411,864,317,149,383
5040,One Outs,8.35,"Sports, Psychological, Seinen",One Outs,‹Äø‹Ä_‹Ä_‹â_‹Äã,TV,25,"Oct 8, 2008 to Apr 1, 2009",Fall 2008,"VAP, Nippon Television Network",Unknown,Madhouse,Manga,23 min. per ep.,PG-13 - Teens 13 or older,180,819,182471,3403,8985,108150,6444,4913,53979,16461,27316,27674,13293,4117,1588,571,193,127,155
5420,Kemono no Souja Erin,8.35,"Drama, Fantasy, Slice of Life",Erin,£‹¨Œ´ÛÉ‹â¬‹Ä»‹Ä_,TV,50,"Jan 10, 2009 to Dec 26, 2009",Winter 2009,NHK,Unknown,"Production I.G, Trans Arts",Novel,25 min. per ep.,PG-13 - Teens 13 or older,180,1829,68946,1404,4271,18958,3414,2383,39920,3902,4790,4436,2600,1083,551,236,93,43,104
20651,Natsume Yuujinchou: Itsuka Yuki no Hi ni,8.35,"Slice of Life, Demons, Supernatural, Drama, Shoujo",Unknown,Œ_İ¨ŒÜŠ¼¼Œü_ ¾Ğ¡Š_ÏOVA ‹ã‹_‹Ü‹â ‹‹¨‹_‹Ç,OVA,1,1-Feb-14,Unknown,"Aniplex, Nihon Ad Systems",Unknown,Brain's Base,Manga,23 min.,PG-13 - Teens 13 or older,180,1953,62641,105,1341,40232,545,288,20235,5626,7402,9158,4339,1050,391,71,43,17,58
2559,Romeo no Aoi Sora,8.35,"Adventure, Drama, Historical, Slice of Life",Romeo and the Black Brothers,‹Ä_‹ÄÙ‹â»‹¨Õ‹ã©¼,TV,33,"Jan 15, 1995 to Dec 17, 1995",Winter 1995,Unknown,Unknown,Nippon Animation,Novel,23 min. per ep.,PG-13 - Teens 13 or older,181,2652,36828,523,1473,16751,937,655,17012,3344,3122,3526,1869,690,350,94,51,16,266
3784,Evangelion: 2.0 You Can (Not) Advance,8.35,"Action, Sci-Fi, Psychological, Drama, Mecha",Evangelion:2.0 You Can (Not) Advance,‹Ä±‹Ä«‹âÁ‹Ä_‹â_‹Ä»‹Ä_‹Ä_¾Ğ¡Œ_àŒÊ«äö:Ê«,Movie,1,27-Jul-09,Unknown,"Gainax, KlockWorx",Funimation,Khara,Original,1 hr. 52 min.,PG-13 - Teens 13 or older,184,379,350947,2803,4683,277153,2047,872,66192,43399,60134,57609,28335,9590,3718,1726,719,405,740
39808,Non Non Biyori Nonstop,8.35,"Slice of Life, Comedy, Seinen",Non Non Biyori Nonstop,‹¨‹âÒ‹¨‹âÒ‹_‹âö‹â_ ‹¨‹âÒ‹ª‹¬‹£‹á,TV,12,"Jan 11, 2021 to ?",Winter 2021,"TV Tokyo, Lantis, AT-X, Kadokawa, Bandai Namco Arts, Bit grooove promotion, Sony Music Solutions",Sentai Filmworks,SILVER LINK.,Manga,24 min. per ep.,PG-13 - Teens 13 or older,184,2322,47968,257,19251,3,550,275,27889,1284,1326,1623,784,238,99,20,10,6,31
13125,Shinsekai yori,8.35,"Drama, Horror, Mystery, Psychological, Sci-Fi, Supernatural",From the New World,¾Ğ¡ŠüĞ¥Î‹âö‹â_,TV,25,"Sep 29, 2012 to Mar 23, 2013",Fall 2012,"Aniplex, TV Asahi, Pony Canyon",Sentai Filmworks,A-1 Pictures,Novel,22 min. per ep.,R - 17+ (violence & profanity),187,168,619318,20535,43978,255272,30178,26968,262922,56953,64171,53956,29407,12975,6878,3978,1772,1021,1257
40211,Luo Xiao Hei Zhan Ji (Movie),8.35,"Adventure, Drama, Fantasy",The Legend of Hei,_ÉŒ¡ÈÔ¾ö¡¬÷,Movie,1,7-Sep-19,Unknown,Unknown,Unknown,Unknown,Original,1 hr. 41 min.,G - All Ages,187,5556,7427,104,382,2475,111,108,4351,526,622,463,254,83,30,21,8,3,16
11917,Major: World Series,8.35,"Comedy, Drama, Shounen, Sports",Unknown,‹ÄÁ‹âü‹Ä£‹Ä_ ‹Äø‹Ä_‹ÄÇ‹Ää‹âá‹Ä»‹Ä_‹â¼á¬,OVA,2,"Dec 16, 2011 to Jan 18, 2012",Unknown,Unknown,Unknown,SynergySP,Manga,28 min. per ep.,PG-13 - Teens 13 or older,188,2992,29532,101,520,23322,218,304,5168,3605,4512,4879,2419,763,261,73,31,21,261
25835,Shirobako,8.35,"Comedy, Drama",Shirobako,SHIROBAKO,TV,24,"Oct 9, 2014 to Mar 26, 2015",Fall 2014,"Sotsu, Movic, Warner Bros. Japan, KlockWorx, Showgate, Infinite, Imagine",Sentai Filmworks,P.A. Works,Original,24 min. per ep.,PG-13 - Teens 13 or older,188,387,349479,5909,27270,129452,19563,13141,160053,19955,34458,35151,17270,6063,2944,960,351,169,264
38691,Dr. Stone,8.34,"Sci-Fi, Adventure, Shounen",Dr. Stone,‹Ää‹âø‹âÀ‹Ä_‹â_‹Äö‹Ä_‹Ä_,TV,24,"Jul 5, 2019 to Dec 13, 2019",Summer 2019,"TOHO animation, Shueisha","Funimation, Crunchyroll",TMS Entertainment,Manga,24 min. per ep.,PG-13 - Teens 13 or older,189,79,945133,16971,126292,621993,27958,28902,139988,92521,159615,178884,82791,22878,9096,3756,1446,770,914
6945,Gintama: Shiroyasha Koutan,8.34,"Action, Sci-Fi, Comedy, Historical, Parody",Unknown,‹âü‹Ä£‹Ä_‹ÄÑ‹â¢‹ÄÜ‹ÄÁ‹Äã‹â¢‹Ä_ 2008 ª_Œ_ÏŒäª»¥,Special,1,21-Sep-08,Unknown,Unknown,Unknown,Sunrise,Manga,10 min.,PG-13 - Teens 13 or older,191,2176,53216,99,1028,38625,444,366,12753,6939,5915,7285,3935,1276,545,129,114,32,346
486,Kino no Tabi: The Beautiful World,8.34,"Action, Adventure, Psychological, Slice of Life",Kino's Journey,‹â_‹Ä_‹¨¾ÑÉ -the Beautiful World-,TV,13,"Apr 8, 2003 to Jul 8, 2003",Spring 2003,"WOWOW, Genco, Pony Canyon, Studio Wombat, chara-ani.com, ASCII Media Works","ADV Films, Sentai Filmworks",A.C.G.T.,Light novel,24 min. per ep.,R - 17+ (violence & profanity),192,650,223758,5866,12248,86441,8585,5067,111417,15558,20848,20668,10914,4004,1774,644,258,131,187
10087,Fate/Zero,8.34,"Action, Supernatural, Magic, Fantasy",Fate/Zero,‹Ä¥‹â¤‹â_‹Äö/‹â_‹Ä_,TV,13,"Oct 2, 2011 to Dec 25, 2011",Fall 2011,"Aniplex, Nitroplus, Seikaisha, Notes",Aniplex of America,ufotable,Light novel,28 min. per ep.,R - 17+ (violence & profanity),192,59,1090273,30267,47817,773576,24194,16509,228177,112939,185628,188400,90942,27585,10434,3881,1401,737,1340
24415,Kuroko no Basket 3rd Season,8.34,"Comedy, Sports, School, Shounen",Kuroko's Basketball 3,ÈÕŒ_‹¨‹Ä‹â_‹â±,TV,25,"Jan 11, 2015 to Jun 30, 2015",Winter 2015,"Bandai Visual, Lantis, Nihon Ad Systems, Banpresto, Shueisha, BS11",Unknown,Production I.G,Manga,24 min. per ep.,PG-13 - Teens 13 or older,193,232,506465,4465,25140,411971,8846,5320,55188,63322,86096,92619,47219,14640,5220,1768,736,346,648
34240,Shelter,8.34,"Sci-Fi, Music",Shelter,‹âá‹â¤‹ÄÇ‹âÀ‹Ä_,Music,1,18-Oct-16,Unknown,Half H.P Studio,Crunchyroll,A-1 Pictures,Music,6 min.,G - All Ages,195,539,265646,2315,3702,234951,545,464,25984,45461,44728,47155,24676,9216,4667,1437,639,409,601
10863,Steins;Gate: Oukoubakko no Poriomania,8.34,"Sci-Fi, Comedy, Thriller",Steins;Gate:Egoistic Poriomania,‹âá‹Ä´‹âÀ‹â_‹Ä_‹â¼ ‹â_‹Ä_‹Äö ¾¬»ÁÎáÜ¾äö‹¨‹Ä‹Ä»‹â»‹Ä_‹ÄÜ‹â¢,Special,1,22-Feb-12,Unknown,Frontier Works,Funimation,White Fox,Visual novel,24 min.,PG-13 - Teens 13 or older,196,397,338678,793,3932,287633,1383,691,45039,44145,58967,63337,32025,9938,3777,1113,437,233,433
37515,Made in Abyss Movie 2: Hourou Suru Tasogare,8.34,"Sci-Fi, Adventure, Mystery, Drama, Fantasy",Unknown,Œ_àŒÊ«äöáİ á¬‹ÛŒ_Îá¬‹ÛÔ‹ÄÁ‹â_‹Ää‹â_‹Ä_‹â¢‹ÄÒ‹â_ ¾Ó_¾µ»‹ª‹âÜÈã¾÷,Movie,1,18-Jan-19,Unknown,Unknown,Sentai Filmworks,Kinema Citrus,Web manga,1 hr. 45 min.,R - 17+ (violence & profanity),197,1973,61975,103,1519,22381,573,624,36878,3214,4051,5048,1956,544,222,52,26,21,68
40730,Tian Guan Ci Fu,8.33,"Action, Adventure, Historical, Supernatural, Drama",Unknown,Œ_©Œ¨÷µ_,ONA,11,"Oct 31, 2020 to Jan 2, 2021",Unknown,bilibili,Unknown,Haoliners Animation League,Novel,25 min. per ep.,PG-13 - Teens 13 or older,200,2717,35242,1402,7491,7183,770,770,19028,2935,1787,1898,1116,438,201,89,39,43,254